-- MySQL dump 10.13  Distrib 5.6.14, for Linux (x86_64)
--
-- Host: localhost    Database: atcoder_checker_db
-- ------------------------------------------------------
-- Server version	5.6.14

/*!40101 SET @OLD_CHARACTER_SET_CLIENT=@@CHARACTER_SET_CLIENT */;
/*!40101 SET @OLD_CHARACTER_SET_RESULTS=@@CHARACTER_SET_RESULTS */;
/*!40101 SET @OLD_COLLATION_CONNECTION=@@COLLATION_CONNECTION */;
/*!40101 SET NAMES utf8 */;
/*!40103 SET @OLD_TIME_ZONE=@@TIME_ZONE */;
/*!40103 SET TIME_ZONE='+00:00' */;
/*!40014 SET @OLD_UNIQUE_CHECKS=@@UNIQUE_CHECKS, UNIQUE_CHECKS=0 */;
/*!40014 SET @OLD_FOREIGN_KEY_CHECKS=@@FOREIGN_KEY_CHECKS, FOREIGN_KEY_CHECKS=0 */;
/*!40101 SET @OLD_SQL_MODE=@@SQL_MODE, SQL_MODE='NO_AUTO_VALUE_ON_ZERO' */;
/*!40111 SET @OLD_SQL_NOTES=@@SQL_NOTES, SQL_NOTES=0 */;

--
-- Table structure for table `contest`
--

DROP TABLE IF EXISTS `contest`;
/*!40101 SET @saved_cs_client     = @@character_set_client */;
/*!40101 SET character_set_client = utf8 */;
CREATE TABLE `contest` (
  `contest_id` int(11) NOT NULL AUTO_INCREMENT,
  `url` varchar(64) NOT NULL,
  `name` varchar(64) NOT NULL,
  `updated_at` timestamp NOT NULL DEFAULT CURRENT_TIMESTAMP ON UPDATE CURRENT_TIMESTAMP,
  PRIMARY KEY (`contest_id`),
  UNIQUE KEY `url` (`url`)
) ENGINE=InnoDB AUTO_INCREMENT=56 DEFAULT CHARSET=utf8;
/*!40101 SET character_set_client = @saved_cs_client */;

--
-- Dumping data for table `contest`
--

LOCK TABLES `contest` WRITE;
/*!40000 ALTER TABLE `contest` DISABLE KEYS */;
INSERT INTO `contest` VALUES (1,'http://arc027.contest.atcoder.jp/','AtCoder Regular Contest 027','2014-12-20 00:05:19'),(2,'http://arc026.contest.atcoder.jp/','AtCoder Regular Contest 026','2014-12-20 00:05:32'),(3,'http://arc024.contest.atcoder.jp/','AtCoder Regular Contest 024','2014-12-20 00:05:40'),(4,'http://arc023.contest.atcoder.jp/','AtCoder Regular Contest 023','2014-12-20 00:05:47'),(5,'http://abc012.contest.atcoder.jp/','AtCoder Beginner Contest #012','2014-12-20 00:05:58'),(6,'http://tenka1-2014-quala.contest.atcoder.jp/','天下一プログラマーコンテスト2014予選A','2014-12-20 00:06:06'),(7,'http://abc013.contest.atcoder.jp/','AtCoder Beginner Contest #013','2014-12-20 00:06:14'),(8,'http://code-formula-2014-quala.contest.atcoder.jp/','Code Formula 2014 予選A','2014-12-20 00:06:23'),(9,'http://tenka1-2014-qualb.contest.atcoder.jp/','天下一プログラマーコンテスト2014予選B','2014-12-20 00:06:33'),(10,'http://code-formula-2014-qualb.contest.atcoder.jp/','Code Formula 2014 予選B','2014-12-20 20:25:44'),(11,'http://arc028.contest.atcoder.jp/','AtCoder Regular Contest 028','2014-12-20 00:06:51'),(12,'http://abc014.contest.atcoder.jp/','AtCoder Beginner Contest #014','2014-12-20 00:07:03'),(13,'http://code-festival-2014-quala.contest.atcoder.jp/','CODE FESTIVAL 2014 予選A','2014-12-20 00:07:10'),(14,'http://arc029.contest.atcoder.jp/','AtCoder Regular Contest 029','2014-12-20 00:07:22'),(15,'http://code-formula-2014-final.contest.atcoder.jp/','Code Formula 2014 本選','2014-12-20 00:07:33'),(16,'http://arc022.contest.atcoder.jp/','AtCoder Regular Contest 022','2014-12-20 00:07:41'),(17,'http://arc021.contest.atcoder.jp/','AtCoder Regular Contest 021','2014-12-20 00:07:54'),(18,'http://arc020.contest.atcoder.jp/','AtCoder Regular Contest #020','2014-12-20 00:08:02'),(19,'http://arc019.contest.atcoder.jp/','AtCoder Regular Contest #019','2014-12-20 00:08:13'),(20,'http://arc018.contest.atcoder.jp/','AtCoder Regular Contest #018','2014-12-20 00:08:22'),(21,'http://arc017.contest.atcoder.jp/','AtCoder Regular Contest #017','2014-12-20 00:08:30'),(22,'http://abc008.contest.atcoder.jp/','AtCoder Beginner Contest #008','2014-12-20 00:08:39'),(23,'http://code-festival-2014-qualb.contest.atcoder.jp/','CODE FESTIVAL 2014 予選B','2014-12-20 00:08:47'),(24,'http://abc015.contest.atcoder.jp/','AtCoder Beginner Contest #015','2014-12-20 00:08:58'),(25,'http://code-festival-2014-final-open.contest.atcoder.jp/','CODE FESTIVAL 2014 決勝（オープン）','2014-12-20 00:09:10'),(26,'http://arc030.contest.atcoder.jp/','AtCoder Regular Contest 030','2014-12-20 20:25:53'),(27,'http://abc016.contest.atcoder.jp/','AtCoder Beginner Contest #016','2014-12-20 00:09:31'),(28,'http://code-thanks-festival-2014-a-open.contest.atcoder.jp/','code thanks festival 2014 A日程（オープンコンテスト）','2014-12-20 20:25:32'),(29,'http://arc031.contest.atcoder.jp/','AtCoder Regular Contest 031','2014-12-20 20:42:20'),(30,'http://abc011.contest.atcoder.jp/','AtCoder Beginner Contest #011','2014-12-20 00:10:02'),(31,'http://abc010.contest.atcoder.jp/','AtCoder Beginner Contest #010','2014-12-20 00:10:10'),(32,'http://abc009.contest.atcoder.jp/','AtCoder Beginner Contest #009','2014-12-20 00:10:18'),(33,'http://abc007.contest.atcoder.jp/','AtCoder Beginner Contest #007','2014-12-20 00:10:32'),(34,'http://abc006.contest.atcoder.jp/','AtCoder Beginner Contest #006','2014-12-20 00:10:42'),(35,'http://abc005.contest.atcoder.jp/','AtCoder Beginner Contest #005','2014-12-20 00:10:50'),(36,'http://abc004.contest.atcoder.jp/','AtCoder Beginner Contest #004','2014-12-20 00:11:01'),(37,'http://abc003.contest.atcoder.jp/','AtCoder Beginner Contest #003','2014-12-20 00:11:11'),(38,'http://abc002.contest.atcoder.jp/','AtCoder Beginner Contest #002','2014-12-20 00:11:20'),(39,'http://abc001.contest.atcoder.jp/','AtCoder Beginner Contest #001','2014-12-21 08:07:22'),(40,'http://arc016.contest.atcoder.jp/','AtCoder Regular Contest #016','2014-12-20 00:11:40'),(41,'http://arc015.contest.atcoder.jp/','AtCoder Regular Contest #015','2014-12-20 00:11:53'),(42,'http://arc014.contest.atcoder.jp/','AtCoder Regular Contest #014','2014-12-20 00:12:02'),(43,'http://arc013.contest.atcoder.jp/','AtCoder Regular Contest #013','2014-12-20 00:12:13'),(44,'http://arc012.contest.atcoder.jp/','AtCoder Regular Contest #012','2014-12-20 00:12:21'),(45,'http://arc011.contest.atcoder.jp/','AtCoder Regular Contest #011','2014-12-20 00:12:33'),(46,'http://arc010.contest.atcoder.jp/','AtCoder Regular Contest #010','2014-12-20 00:12:43'),(47,'http://arc009.contest.atcoder.jp/','AtCoder Regular Contest #009','2014-12-20 00:12:50'),(48,'http://arc008.contest.atcoder.jp/','AtCoder Regular Contest #008','2014-12-20 00:13:03'),(49,'http://arc007.contest.atcoder.jp/','AtCoder Regular Contest #007','2014-12-20 00:13:13'),(50,'http://arc006.contest.atcoder.jp/','AtCoder Regular Contest #006','2014-12-20 00:13:24'),(51,'http://arc005.contest.atcoder.jp/','AtCoder Regular Contest #005','2014-12-20 00:13:33'),(52,'http://arc004.contest.atcoder.jp/','AtCoder Regular Contest #004','2014-12-20 00:13:45'),(53,'http://arc003.contest.atcoder.jp/','AtCoder Regular Contest #003','2014-12-20 00:13:58'),(54,'http://arc002.contest.atcoder.jp/','AtCoder Regular Contest #002','2014-12-20 00:14:08'),(55,'http://arc001.contest.atcoder.jp/','AtCoder Regular Contest #001','2014-12-20 00:14:19');
/*!40000 ALTER TABLE `contest` ENABLE KEYS */;
UNLOCK TABLES;

--
-- Table structure for table `problem`
--

DROP TABLE IF EXISTS `problem`;
/*!40101 SET @saved_cs_client     = @@character_set_client */;
/*!40101 SET character_set_client = utf8 */;
CREATE TABLE `problem` (
  `problem_id` int(11) NOT NULL AUTO_INCREMENT,
  `contest_id` int(11) NOT NULL,
  `assignment` varchar(8) NOT NULL,
  `screen_name` varchar(64) NOT NULL,
  `name` varchar(128) NOT NULL,
  PRIMARY KEY (`problem_id`),
  KEY `contest_id` (`contest_id`),
  CONSTRAINT `problem_ibfk_1` FOREIGN KEY (`contest_id`) REFERENCES `contest` (`contest_id`)
) ENGINE=InnoDB AUTO_INCREMENT=237 DEFAULT CHARSET=utf8;
/*!40101 SET character_set_client = @saved_cs_client */;

--
-- Dumping data for table `problem`
--

LOCK TABLES `problem` WRITE;
/*!40000 ALTER TABLE `problem` DISABLE KEYS */;
INSERT INTO `problem` VALUES (1,1,'A','arc027_1','門限'),(2,1,'B','arc027_2','大事な数なのでZ回書きまLた。'),(3,1,'C','arc027_3','最高のトッピングにしような'),(4,1,'D','arc027_4','ぴょんぴょんトレーニング'),(5,2,'A','arc026_1','ダイナミックなポーズ'),(6,2,'B','arc026_2','完全数'),(7,2,'C','arc026_3','蛍光灯'),(8,2,'D','arc026_4','道を直すお仕事'),(9,3,'A','arc024_1','くつがくっつく'),(10,3,'B','arc024_2','赤と黒の木'),(11,3,'C','arc024_3','だれじゃ'),(12,3,'D','arc024_4','バス停'),(13,4,'A','arc023_1','経過日数'),(14,4,'B','arc023_2','謎の人物X'),(15,4,'C','arc023_3','タコヤ木'),(16,4,'D','arc023_4','GCD区間'),(17,5,'A','abc012_1','スワップ'),(18,5,'B','abc012_2','入浴時間'),(19,5,'C','abc012_3','九九足し算'),(20,5,'D','abc012_4','バスと避けられない運命'),(21,6,'A','tenka1_2014_qualA_a','天下一序数'),(22,6,'B','tenka1_2014_qualA_b','かぶりん！'),(23,6,'C','tenka1_2014_qualA_c','天下一文字列集合'),(24,6,'D','tenka1_2014_qualA_d',' EMLauncher'),(25,6,'E','tenka1_2014_qualA_e','パズルの移動'),(26,7,'A','abc013_1','A'),(27,7,'B','abc013_2','錠'),(28,7,'C','abc013_3','節制'),(29,7,'D','abc013_4','阿弥陀'),(30,8,'A','code_formula_2014_qualA_a','立方数'),(31,8,'B','code_formula_2014_qualA_b','ボウリングゲーム'),(32,8,'C','code_formula_2014_qualA_c','決勝進出者'),(33,8,'D','code_formula_2014_qualA_d','無刻印キーボード'),(34,9,'A','tenka1_2014_qualB_a','HAGIXILE'),(35,9,'B','tenka1_2014_qualB_b','エターナルスタティックファイナル '),(36,9,'C','tenka1_2014_qualB_c','天下一王国の歴史'),(37,9,'D','tenka1_2014_qualB_d','天下一芸術'),(38,9,'E','tenka1_2014_qualB_e','カラオケランキング'),(39,10,'A','code_formula_2014_qualB_a','サイコロ'),(40,10,'B','code_formula_2014_qualB_b','11の倍数'),(41,10,'C','code_formula_2014_qualB_c','仲良し文字列'),(42,10,'D','code_formula_2014_qualB_d','お釣りの嫌いな高橋君'),(43,11,'A','arc028_1','小石を取るゲーム'),(44,11,'B','arc028_2','特別賞'),(45,11,'C','arc028_3','高橋王国の分割統治'),(46,11,'D','arc028_4','注文の多い高橋商店'),(47,12,'A','abc014_1','けんしょう先生のお菓子配り'),(48,12,'B','abc014_2','価格の合計'),(49,12,'C','abc014_3','AtColor'),(50,12,'D','abc014_4','閉路'),(51,13,'A','code_festival_qualA_a','CODE FESTIVAL 2014'),(52,13,'B','code_festival_qualA_b','とても長い文字列'),(53,13,'C','code_festival_qualA_c','2月29日'),(54,13,'D','code_festival_qualA_d','壊れた電卓'),(55,14,'A','arc029_1','高橋君とお肉'),(56,14,'B','arc029_2','高橋君と禁断の書'),(57,14,'C','arc029_3','高橋君と国家'),(58,14,'D','arc029_4','高橋君と木のおもちゃ'),(59,15,'A','code_formula_2014_final_a','Code Formula 2015'),(60,15,'B','code_formula_2014_final_b','3歩進んで2歩下がる'),(61,15,'C','code_formula_2014_final_c','次世代SNS'),(62,15,'D','code_formula_2014_final_d','映画の連続視聴'),(63,15,'E','code_formula_2014_final_e','ab文字列'),(64,15,'F','code_formula_2014_final_f','100個の円'),(65,15,'G','code_formula_2014_final_g','ノイハの塔'),(66,15,'H','code_formula_2014_final_h','平和協定'),(67,16,'A','arc022_1','スーパーICT高校生'),(68,16,'B','arc022_2','細長いお菓子'),(69,16,'C','arc022_3','ロミオとジュリエット'),(70,16,'D','arc022_4','スプリンクラー'),(71,17,'A','arc021_1','DEAD END'),(72,17,'B','arc021_2','Your Numbers are XORed...'),(73,17,'C','arc021_3','増築王高橋君'),(74,17,'D','arc021_4','だいたい最小全域木'),(75,18,'A','arc020_1','石を滑らせるゲーム'),(76,18,'B','arc020_2','縞模様'),(77,18,'C','arc020_3','A mod B Problem'),(78,18,'D','arc020_4','お菓子の国の旅行'),(79,19,'A','arc019_1','お買い物クライシス'),(80,19,'B','arc019_2','こだわりの名前'),(81,19,'C','arc019_3','最後の森'),(82,19,'D','arc019_4','ほんとうのたたかい'),(83,20,'A','arc018_1','BMI'),(84,20,'B','arc018_2','格子点と整数'),(85,20,'C','arc018_3','席替え'),(86,20,'D','arc018_4','僕は友達が少ない'),(87,21,'A','arc017_1','素数、コンテスト、素数'),(88,21,'B','arc017_2','解像度が低い。'),(89,21,'C','arc017_3','無駄なものが嫌いな人'),(90,21,'D','arc017_4','ARCたんクッキー'),(91,22,'A','abc008_1','アルバム'),(92,22,'B','abc008_2','投票'),(93,22,'C','abc008_3','コイン'),(94,22,'D','abc008_4','金塊ゲーム'),(95,23,'A','code_festival_qualB_a','あるピアニスト'),(96,23,'B','code_festival_qualB_b','歩く人'),(97,23,'C','code_festival_qualB_c','錬金術士'),(98,23,'D','code_festival_qualB_d','登山家'),(99,24,'A','abc015_1','高橋くんの研修'),(100,24,'B','abc015_2','高橋くんの集計'),(101,24,'C','abc015_3','高橋くんのバグ探し'),(102,24,'D','abc015_4','高橋くんの苦悩'),(103,25,'A','code_festival_final_a','50m走'),(104,25,'B','code_festival_final_b','暗算ゲーム'),(105,25,'C','code_festival_final_c','N進数'),(106,25,'D','code_festival_final_d','パスカルの三角形'),(107,25,'E','code_festival_final_e','常ならずグラフ'),(108,25,'F','code_festival_final_f','誤情報'),(109,25,'G','code_festival_final_g','魔方陣'),(110,25,'H','code_festival_final_h','部屋割り'),(111,25,'I','code_festival_final_i','Shapes'),(112,25,'J','code_festival_final_j','2つのカップ'),(113,26,'A','arc030_1','閉路グラフ'),(114,26,'B','arc030_2','ツリーグラフ'),(115,26,'C','arc030_3','有向グラフ'),(116,26,'D','arc030_4','グラフではない'),(117,27,'A','abc016_1','12月6日'),(118,27,'B','abc016_2','A±B Problem'),(119,27,'C','abc016_3','友達の友達'),(120,27,'D','abc016_4','一刀両断'),(121,28,'A','code_thanks_festival_14_quala_a','カメツル算'),(122,28,'B','code_thanks_festival_14_quala_b','バッジ'),(123,28,'C','code_thanks_festival_14_quala_c','コンテスト'),(124,28,'D','code_thanks_festival_14_quala_d','定期券'),(125,28,'E','code_thanks_festival_14_quala_e','儀式'),(126,28,'F','code_thanks_festival_14_quala_f','順位表'),(127,28,'G','code_thanks_festival_14_quala_g','通勤電車と気分'),(128,28,'H','code_thanks_festival_14_quala_h','模様替え'),(129,29,'A','arc031_1','名前'),(130,29,'B','arc031_2','埋め立て'),(131,29,'C','arc031_3','積み木'),(132,29,'D','arc031_4','買い物上手'),(133,30,'A','abc011_1','来月は何月？'),(134,30,'B','abc011_2','名前の確認'),(135,30,'C','abc011_3','123引き算'),(136,30,'D','abc011_4','大ジャンプ'),(137,31,'A','abc010_1','ハンドルネーム'),(138,31,'B','abc010_2','花占い'),(139,31,'C','abc010_3','浮気調査'),(140,31,'D','abc010_4','浮気予防'),(141,32,'A','abc009_1','引越し作業'),(142,32,'B','abc009_2','心配性な富豪、ファミリーレストランに行く。'),(143,32,'C','abc009_3','辞書式順序ふたたび'),(144,32,'D','abc009_4','漸化式'),(145,33,'A','abc007_1','植木算'),(146,33,'B','abc007_2','辞書式順序'),(147,33,'C','abc007_3','幅優先探索'),(148,33,'D','abc007_4','禁止された数字'),(149,34,'A','abc006_1','世界のFizzBuzz'),(150,34,'B','abc006_2','トリボナッチ数列'),(151,34,'C','abc006_3','スフィンクスのなぞなぞ'),(152,34,'D','abc006_4','トランプ挿入ソート'),(153,35,'A','abc005_1','おいしいたこ焼きの作り方'),(154,35,'B','abc005_2','おいしいたこ焼きの食べ方'),(155,35,'C','abc005_3','おいしいたこ焼きの売り方'),(156,35,'D','abc005_4','おいしいたこ焼きの焼き方'),(157,36,'A','abc004_1','流行'),(158,36,'B','abc004_2','回転'),(159,36,'C','abc004_3','入れ替え'),(160,36,'D','abc004_4','マーブル'),(161,37,'A','abc003_1','AtCoder社の給料'),(162,37,'B','abc003_2','AtCoderトランプ'),(163,37,'C','abc003_3','AtCoderプログラミング講座'),(164,37,'D','abc003_4','AtCoder社の冬'),(165,38,'A','abc002_1','正直者'),(166,38,'B','abc002_2','罠'),(167,38,'C','abc002_3','直訴'),(168,38,'D','abc002_4','派閥'),(169,39,'A','abc001_1','積雪深差'),(170,39,'B','abc001_2','視程の通報'),(171,39,'C','abc001_3','風力観測'),(172,39,'D','abc001_4','感雨時刻の整理'),(173,40,'A','arc016_1','クイズゲーム'),(174,40,'B','arc016_2','音楽ゲーム'),(175,40,'C','arc016_3','ソーシャルゲーム'),(176,40,'D','arc016_4','軍艦ゲーム'),(177,41,'A','arc015_1','Celsius と Fahrenheit'),(178,41,'B','arc015_2','真冬日？真夏日？'),(179,41,'C','arc015_3','変わった単位'),(180,41,'D','arc015_4','きんいろクッキー'),(181,42,'A','arc014_1','君が望むなら世界中全てのたこ焼きを赤と青に染め上げよう'),(182,42,'B','arc014_2','あの日したしりとりの結果を僕達はまだ知らない。'),(183,42,'C','arc014_3','魂の還る場所'),(184,42,'D','arc014_4','grepマスター'),(185,43,'A','arc013_1','梱包できるかな？'),(186,43,'B','arc013_2','引越しできるかな？'),(187,43,'C','arc013_3','笑いをとれるかな？'),(188,43,'D','arc013_4','切り分けできるかな？'),(189,44,'A','arc012_1','週末'),(190,44,'B','arc012_2','アキレスと亀'),(191,44,'C','arc012_3','五目並べチェッカー'),(192,44,'D','arc012_4','Don\'t worry. Be Together'),(193,45,'A','arc011_1','鉛筆リサイクルの新技術'),(194,45,'B','arc011_2','ルイス・キャロルの記憶術'),(195,45,'C','arc011_3','ダブレット'),(196,45,'D','arc011_4','きつねさんからの挑戦状'),(197,46,'A','arc010_1','名刺交換'),(198,46,'B','arc010_2','超大型連休'),(199,46,'C','arc010_3','積み上げパズル'),(200,46,'D','arc010_4','情報伝播'),(201,47,'A','arc009_1','元気にお使い！高橋君'),(202,47,'B','arc009_2','おとぎの国の高橋君'),(203,47,'C','arc009_3','高橋君、24歳'),(204,47,'D','arc009_4','覚醒ノ高橋君'),(205,48,'A','arc008_1','たこ焼き買えるかな？'),(206,48,'B','arc008_2','謎のたこ焼きおじさん'),(207,48,'C','arc008_3','THE☆たこ焼き祭り2012'),(208,48,'D','arc008_4','タコヤキオイシクナール'),(209,49,'A','arc007_1','帰ってきた器物損壊！高橋君'),(210,49,'B','arc007_2','迷子のCDケース'),(211,49,'C','arc007_3','節約生活'),(212,49,'D','arc007_4','破れた宿題'),(213,50,'A','arc006_1','宝くじ'),(214,50,'B','arc006_2','あみだくじ'),(215,50,'C','arc006_3','積み重ね'),(216,50,'D','arc006_4','アルファベット探し'),(217,51,'A','arc005_1','大好き高橋君'),(218,51,'B','arc005_2','P-CASカードと高橋君'),(219,51,'C','arc005_3','器物損壊！高橋君'),(220,51,'D','arc005_4','連射王高橋君'),(221,52,'A','arc004_1','2点間距離の最大値 ( The longest distance )'),(222,52,'B','arc004_2','2点間距離の最大と最小 ( Maximum and Minimum )'),(223,52,'C','arc004_3','平均値太郎の憂鬱 ( The melancholy of Taro Heikinchi )'),(224,52,'D','arc004_4','表現の自由 ( Freedom of expression )'),(225,53,'A','arc003_1','GPA計算'),(226,53,'B','arc003_2','さかさま辞書'),(227,53,'C','arc003_3','暗闇帰り道'),(228,53,'D','arc003_4','シャッフル席替え'),(229,54,'A','arc002_1','うるう年'),(230,54,'B','arc002_2','割り切れる日付'),(231,54,'C','arc002_3','コマンド入力'),(232,54,'D','arc002_4','ボードゲーム'),(233,55,'A','arc001_1','センター採点'),(234,55,'B','arc001_2','リモコン'),(235,55,'C','arc001_3','パズルのお手伝い'),(236,55,'D','arc001_4','レースゲーム');
/*!40000 ALTER TABLE `problem` ENABLE KEYS */;
UNLOCK TABLES;

--
-- Table structure for table `submission`
--

DROP TABLE IF EXISTS `submission`;
/*!40101 SET @saved_cs_client     = @@character_set_client */;
/*!40101 SET character_set_client = utf8 */;
CREATE TABLE `submission` (
  `submission_id` int(11) NOT NULL,
  `problem_id` int(11) NOT NULL,
  `user_id` varchar(64) NOT NULL,
  `score` int(11) DEFAULT NULL,
  `status` varchar(32) NOT NULL,
  `language` varchar(64) NOT NULL,
  PRIMARY KEY (`submission_id`),
  KEY `problem_id` (`problem_id`),
  KEY `user_id` (`user_id`),
  CONSTRAINT `submission_ibfk_1` FOREIGN KEY (`problem_id`) REFERENCES `problem` (`problem_id`),
  CONSTRAINT `submission_ibfk_2` FOREIGN KEY (`user_id`) REFERENCES `user` (`user_id`)
) ENGINE=InnoDB DEFAULT CHARSET=utf8;
/*!40101 SET character_set_client = @saved_cs_client */;

--
-- Dumping data for table `submission`
--

LOCK TABLES `submission` WRITE;
/*!40000 ALTER TABLE `submission` DISABLE KEYS */;
INSERT INTO `submission` VALUES (4144,234,'xyz',NULL,'CE','C (GCC 4.4.7)'),(4178,234,'xyz',0,'WA','C (GCC 4.4.7)'),(4289,234,'xyz',NULL,'CE','C++ (GCC 4.4.7)'),(4466,233,'igaxx',100,'AC','C++ (GCC 4.4.7)'),(4537,234,'igaxx',100,'AC','C++ (GCC 4.4.7)'),(4730,233,'ktrumpet',100,'AC','C++ (GCC 4.4.7)'),(4742,235,'igaxx',0,'WA','C++ (GCC 4.4.7)'),(4754,234,'ktrumpet',100,'AC','C++ (GCC 4.4.7)'),(5511,235,'ktrumpet',NULL,'CE','C++ (GCC 4.4.7)'),(5514,235,'ktrumpet',0,'WA','C++ (GCC 4.4.7)'),(5796,235,'ktrumpet',0,'WA','C++ (GCC 4.4.7)'),(6883,229,'ktrumpet',100,'AC','C++ (GCC 4.4.7)'),(7041,229,'daijiken',0,'WA','C++ (GCC 4.4.7)'),(7119,229,'igaxx',100,'AC','C++ (GCC 4.4.7)'),(7411,229,'daijiken',100,'AC','C++ (GCC 4.4.7)'),(7603,230,'ktrumpet',100,'AC','C++ (GCC 4.4.7)'),(7955,231,'ktrumpet',100,'AC','C++ (GCC 4.4.7)'),(8367,230,'igaxx',0,'WA','C++ (GCC 4.4.7)'),(8437,231,'daijiken',0,'RE','C++ (GCC 4.4.7)'),(8468,230,'igaxx',0,'WA','C++ (GCC 4.4.7)'),(8539,231,'daijiken',0,'WA','C++ (GCC 4.4.7)'),(8595,231,'daijiken',0,'WA','C++ (GCC 4.4.7)'),(8787,231,'daijiken',0,'WA','C++ (GCC 4.4.7)'),(8973,231,'daijiken',0,'WA','C++ (GCC 4.4.7)'),(9049,232,'ktrumpet',0,'WA','C++ (GCC 4.4.7)'),(9051,231,'daijiken',0,'WA','C++ (GCC 4.4.7)'),(9311,230,'daijiken',0,'WA','C++ (GCC 4.4.7)'),(9327,230,'daijiken',0,'WA','C++ (GCC 4.4.7)'),(9349,230,'daijiken',0,'WA','C++ (GCC 4.4.7)'),(9369,230,'daijiken',100,'AC','C++ (GCC 4.4.7)'),(9449,231,'daijiken',0,'WA','C++ (GCC 4.4.7)'),(9636,231,'daijiken',0,'WA','C++ (GCC 4.4.7)'),(9664,231,'daijiken',0,'WA','C++ (GCC 4.4.7)'),(9677,231,'daijiken',0,'WA','C++ (GCC 4.4.7)'),(9697,231,'daijiken',0,'WA','C++ (GCC 4.4.7)'),(9709,231,'daijiken',0,'WA','C++ (GCC 4.4.7)'),(9731,231,'daijiken',0,'WA','C++ (GCC 4.4.7)'),(9732,231,'daijiken',0,'WA','C++ (GCC 4.4.7)'),(9839,231,'daijiken',0,'WA','C++ (GCC 4.4.7)'),(9841,231,'daijiken',0,'WA','C++ (GCC 4.4.7)'),(9909,231,'daijiken',0,'WA','C++ (GCC 4.4.7)'),(10147,234,'igaxx',100,'AC','C++ (GCC 4.4.7)'),(10148,235,'igaxx',100,'AC','C++ (GCC 4.4.7)'),(10151,230,'igaxx',0,'WA','C++ (GCC 4.4.7)'),(10152,230,'igaxx',0,'WA','C++ (GCC 4.4.7)'),(10153,230,'igaxx',100,'AC','C++ (GCC 4.4.7)'),(10154,231,'igaxx',100,'AC','C++ (GCC 4.4.7)'),(18069,225,'igaxx',0,'WA','C++ (GCC 4.4.7)'),(18139,225,'ktrumpet',100,'AC','C++ (G++ 4.6.4)'),(18172,225,'igaxx',100,'AC','C++ (G++ 4.6.4)'),(18281,226,'ktrumpet',100,'AC','C++11 (GCC 4.8.1)'),(18739,226,'igaxx',100,'AC','C++ (G++ 4.6.4)'),(19440,227,'ktrumpet',0,'WA','C++11 (GCC 4.8.1)'),(20161,228,'ktrumpet',100,'AC','C++11 (GCC 4.8.1)'),(21701,226,'ktrumpet',100,'AC','Haskell (GHC 7.4.1)'),(22691,225,'daijiken',0,'WA','C++ (G++ 4.6.4)'),(22729,225,'daijiken',NULL,'CE','C++ (G++ 4.6.4)'),(22730,225,'daijiken',100,'AC','C++ (G++ 4.6.4)'),(22731,226,'daijiken',0,'WA','C++ (G++ 4.6.4)'),(23053,221,'ktrumpet',100,'AC','C++11 (GCC 4.8.1)'),(23069,221,'igaxx',NULL,'CE','C (GCC 4.4.7)'),(23109,221,'igaxx',100,'AC','C++ (G++ 4.6.4)'),(23299,222,'ktrumpet',0,'WA','C++11 (GCC 4.8.1)'),(23346,222,'ktrumpet',0,'WA','C++11 (GCC 4.8.1)'),(23512,222,'ktrumpet',100,'AC','C++11 (GCC 4.8.1)'),(23591,222,'igaxx',100,'AC','C++ (G++ 4.6.4)'),(24231,223,'ktrumpet',0,'WA','C++11 (GCC 4.8.1)'),(25908,230,'igaxx',100,'AC','C++ (G++ 4.6.4)'),(26759,217,'ktrumpet',100,'AC','C++11 (GCC 4.8.1)'),(26961,218,'ktrumpet',100,'AC','C++11 (GCC 4.8.1)'),(27223,219,'ktrumpet',0,'TLE','C++11 (GCC 4.8.1)'),(27328,219,'ktrumpet',100,'AC','C++11 (GCC 4.8.1)'),(27712,220,'ktrumpet',0,'WA','C++11 (GCC 4.8.1)'),(28008,219,'ktrumpet',100,'AC','C++11 (GCC 4.8.1)'),(33226,213,'ktrumpet',NULL,'CE','C (GCC 4.4.7)'),(33279,213,'ktrumpet',100,'AC','C++11 (GCC 4.8.1)'),(33431,214,'ktrumpet',100,'AC','C++11 (GCC 4.8.1)'),(34007,215,'ktrumpet',100,'AC','C++11 (GCC 4.8.1)'),(35262,213,'s1221149',100,'AC','C++ (G++ 4.6.4)'),(35263,214,'s1221149',100,'AC','C++ (G++ 4.6.4)'),(35267,215,'ktrumpet',100,'AC','C++11 (GCC 4.8.1)'),(35268,216,'ktrumpet',0,'RE','C++11 (GCC 4.8.1)'),(35269,216,'ktrumpet',0,'RE','C++11 (GCC 4.8.1)'),(35289,216,'ktrumpet',0,'RE','C++11 (GCC 4.8.1)'),(35782,216,'ktrumpet',NULL,'CE','C (GCC 4.4.7)'),(35783,216,'ktrumpet',100,'AC','C++11 (GCC 4.8.1)'),(37570,217,'igaxx',0,'WA','C++ (GCC 4.4.7)'),(37571,217,'igaxx',100,'AC','C++ (GCC 4.4.7)'),(42376,209,'ktrumpet',100,'AC','C++11 (GCC 4.8.1)'),(42590,210,'ktrumpet',100,'AC','C++11 (GCC 4.8.1)'),(42869,211,'ktrumpet',0,'WA','C++11 (GCC 4.8.1)'),(42893,211,'ktrumpet',0,'TLE','C++11 (GCC 4.8.1)'),(42912,211,'ktrumpet',100,'AC','C++11 (GCC 4.8.1)'),(43737,209,'igaxx',100,'AC','C++ (GCC 4.4.7)'),(43740,210,'igaxx',100,'AC','C++ (GCC 4.4.7)'),(45319,205,'ktrumpet',0,'WA','C++11 (GCC 4.8.1)'),(45351,205,'igaxx',100,'AC','C++ (GCC 4.4.7)'),(45413,205,'ktrumpet',100,'AC','C++11 (GCC 4.8.1)'),(45629,206,'ktrumpet',100,'AC','C++11 (GCC 4.8.1)'),(45649,206,'igaxx',100,'AC','C++ (GCC 4.4.7)'),(46086,207,'ktrumpet',0,'TLE','C++11 (GCC 4.8.1)'),(46242,208,'ktrumpet',50,'TLE','C++11 (GCC 4.8.1)'),(46360,207,'ktrumpet',100,'AC','C++11 (GCC 4.8.1)'),(47771,219,'ktrumpet',0,'WA','C++11 (GCC 4.8.1)'),(47772,219,'ktrumpet',100,'AC','C++11 (GCC 4.8.1)'),(48389,201,'ktrumpet',100,'AC','C++11 (GCC 4.8.1)'),(48628,202,'ktrumpet',100,'AC','C++11 (GCC 4.8.1)'),(52674,201,'igaxx',100,'AC','C++ (GCC 4.4.7)'),(62971,197,'ktrumpet',100,'AC','C++11 (GCC 4.8.1)'),(63029,197,'igaxx',0,'WA','C++ (GCC 4.4.7)'),(63256,198,'ktrumpet',0,'WA','C++11 (GCC 4.8.1)'),(63438,198,'ktrumpet',100,'AC','C++11 (GCC 4.8.1)'),(63524,197,'xyz',0,'WA','Ruby (1.9.3)'),(63603,197,'xyz',0,'WA','Ruby (1.9.3)'),(63635,197,'xyz',100,'AC','Ruby (1.9.3)'),(64437,233,'xyz',100,'AC','Ruby (1.9.3)'),(64711,197,'igaxx',100,'AC','C++ (GCC 4.4.7)'),(64799,229,'xyz',0,'RE','Ruby (1.9.3)'),(64800,229,'xyz',0,'WA','Ruby (1.9.3)'),(64802,225,'xyz',100,'AC','Ruby (1.9.3)'),(64803,225,'xyz',0,'RE','Ruby (1.9.3)'),(64804,226,'xyz',100,'AC','Ruby (1.9.3)'),(64808,221,'xyz',100,'AC','Ruby (1.9.3)'),(64811,217,'xyz',100,'AC','Ruby (1.9.3)'),(64815,218,'xyz',0,'WA','Ruby (1.9.3)'),(64816,217,'xyz',0,'RE','Ruby (1.9.3)'),(64817,218,'xyz',0,'WA','Ruby (1.9.3)'),(64818,218,'xyz',0,'WA','Ruby (1.9.3)'),(64819,218,'xyz',100,'AC','Ruby (1.9.3)'),(64820,218,'xyz',0,'RE','Ruby (1.9.3)'),(64821,218,'xyz',0,'WA','Ruby (1.9.3)'),(64822,218,'xyz',100,'AC','Ruby (1.9.3)'),(64827,213,'xyz',100,'AC','Ruby (1.9.3)'),(64833,214,'xyz',0,'RE','Ruby (1.9.3)'),(64834,214,'xyz',100,'AC','Ruby (1.9.3)'),(64835,209,'xyz',100,'AC','Ruby (1.9.3)'),(64836,201,'xyz',100,'AC','Ruby (1.9.3)'),(65969,233,'ktrumpet',0,'WA','Haskell (GHC 7.4.1)'),(65970,233,'ktrumpet',100,'AC','Haskell (GHC 7.4.1)'),(65976,229,'ktrumpet',100,'AC','Haskell (GHC 7.4.1)'),(65977,231,'ktrumpet',100,'AC','Haskell (GHC 7.4.1)'),(65978,225,'ktrumpet',100,'AC','Haskell (GHC 7.4.1)'),(65979,221,'ktrumpet',100,'AC','Haskell (GHC 7.4.1)'),(65980,222,'ktrumpet',0,'WA','Haskell (GHC 7.4.1)'),(65981,222,'ktrumpet',100,'AC','Haskell (GHC 7.4.1)'),(65982,217,'ktrumpet',NULL,'CE','C (GCC 4.4.7)'),(65983,217,'ktrumpet',100,'AC','Haskell (GHC 7.4.1)'),(65984,213,'ktrumpet',100,'AC','Haskell (GHC 7.4.1)'),(66021,209,'ktrumpet',100,'AC','Haskell (GHC 7.4.1)'),(66037,209,'ktrumpet',100,'AC','Haskell (GHC 7.4.1)'),(66038,205,'ktrumpet',100,'AC','Haskell (GHC 7.4.1)'),(66060,197,'ktrumpet',100,'AC','Haskell (GHC 7.4.1)'),(67091,193,'ktrumpet',100,'AC','Haskell (GHC 7.4.1)'),(67342,194,'ktrumpet',100,'AC','Haskell (GHC 7.4.1)'),(67361,194,'igaxx',100,'AC','C++ (GCC 4.4.7)'),(67593,195,'ktrumpet',0,'WA','C++11 (GCC 4.8.1)'),(67631,193,'igaxx',100,'AC','C++ (GCC 4.4.7)'),(67713,195,'ktrumpet',0,'WA','C++11 (GCC 4.8.1)'),(67789,195,'ktrumpet',100,'AC','C++11 (GCC 4.8.1)'),(68339,194,'ktrumpet',100,'AC','Haskell (GHC 7.4.1)'),(68845,195,'igaxx',100,'AC','C++ (GCC 4.4.7)'),(69903,189,'igaxx',100,'AC','C++ (G++ 4.6.4)'),(69942,189,'ktrumpet',100,'AC','Haskell (GHC 7.4.1)'),(70159,190,'igaxx',0,'WA','C++ (G++ 4.6.4)'),(70189,190,'ktrumpet',100,'AC','C++11 (GCC 4.8.1)'),(70196,190,'igaxx',100,'AC','C++ (G++ 4.6.4)'),(70781,191,'igaxx',0,'WA','C++ (G++ 4.6.4)'),(70964,191,'igaxx',0,'WA','C++ (G++ 4.6.4)'),(71042,191,'igaxx',0,'WA','C++ (G++ 4.6.4)'),(71074,191,'igaxx',0,'WA','C++ (G++ 4.6.4)'),(71135,191,'igaxx',0,'WA','C++ (G++ 4.6.4)'),(71160,191,'igaxx',0,'WA','C++ (G++ 4.6.4)'),(71281,191,'ktrumpet',0,'WA','C++11 (GCC 4.8.1)'),(71897,191,'igaxx',0,'WA','C++ (G++ 4.6.4)'),(72135,191,'igaxx',100,'AC','C++ (G++ 4.6.4)'),(74368,185,'ktrumpet',100,'AC','C++11 (GCC 4.8.1)'),(74373,185,'daijiken',0,'WA','C++ (G++ 4.6.4)'),(74448,185,'daijiken',0,'WA','C++ (G++ 4.6.4)'),(74460,185,'xyz',0,'WA','Ruby (1.9.3)'),(74518,186,'ktrumpet',100,'AC','C++11 (GCC 4.8.1)'),(74547,185,'xyz',0,'WA','Ruby (1.9.3)'),(74568,185,'daijiken',0,'WA','C++ (G++ 4.6.4)'),(74598,185,'xyz',0,'RE','Ruby (1.9.3)'),(74620,185,'xyz',0,'WA','Ruby (1.9.3)'),(74697,185,'xyz',0,'WA','Ruby (1.9.3)'),(74722,185,'xyz',0,'WA','Ruby (1.9.3)'),(74762,185,'xyz',0,'WA','Ruby (1.9.3)'),(75051,186,'daijiken',100,'AC','C++ (G++ 4.6.4)'),(75165,185,'daijiken',0,'WA','C++ (G++ 4.6.4)'),(75195,187,'ktrumpet',0,'WA','C++11 (GCC 4.8.1)'),(75215,187,'ktrumpet',0,'WA','C++11 (GCC 4.8.1)'),(75276,187,'ktrumpet',100,'AC','C++11 (GCC 4.8.1)'),(75575,185,'daijiken',100,'AC','C++ (G++ 4.6.4)'),(75669,187,'ktrumpet',100,'AC','C++11 (GCC 4.8.1)'),(75744,185,'igaxx',0,'WA','C++ (G++ 4.6.4)'),(75748,185,'igaxx',0,'WA','C++ (G++ 4.6.4)'),(75749,185,'igaxx',0,'WA','C++ (G++ 4.6.4)'),(75750,185,'igaxx',100,'AC','C++ (G++ 4.6.4)'),(75751,186,'igaxx',100,'AC','C++ (G++ 4.6.4)'),(75754,187,'igaxx',0,'WA','C++ (G++ 4.6.4)'),(78378,233,'ktrumpet',100,'AC','Ruby (1.9.3)'),(78379,234,'ktrumpet',100,'AC','Ruby (1.9.3)'),(78380,229,'ktrumpet',0,'WA','Ruby (1.9.3)'),(78381,229,'ktrumpet',0,'WA','Ruby (1.9.3)'),(78382,229,'ktrumpet',0,'WA','Ruby (1.9.3)'),(78383,229,'ktrumpet',100,'AC','Ruby (1.9.3)'),(78384,230,'ktrumpet',100,'AC','Ruby (1.9.3)'),(79651,181,'igaxx',100,'AC','C++ (G++ 4.6.4)'),(79770,181,'s1221149',NULL,'CE','C (GCC 4.4.7)'),(79790,181,'s1221149',100,'AC','C++ (G++ 4.6.4)'),(79831,181,'ktrumpet',100,'AC','Haskell (GHC 7.4.1)'),(79907,182,'igaxx',0,'WA','C++ (G++ 4.6.4)'),(79981,182,'igaxx',0,'WA','C++ (G++ 4.6.4)'),(80005,182,'igaxx',0,'WA','C++ (G++ 4.6.4)'),(80059,182,'ktrumpet',NULL,'CE','C++ (GCC 4.4.7)'),(80070,182,'ktrumpet',100,'AC','C++11 (GCC 4.8.1)'),(80137,182,'igaxx',100,'AC','C++ (G++ 4.6.4)'),(80280,182,'s1221149',0,'WA','C++ (G++ 4.6.4)'),(80351,182,'s1221149',0,'WA','C++ (G++ 4.6.4)'),(80370,182,'s1221149',100,'AC','C++ (G++ 4.6.4)'),(80552,183,'ktrumpet',0,'WA','C++11 (GCC 4.8.1)'),(80656,183,'ktrumpet',100,'AC','C++11 (GCC 4.8.1)'),(80805,183,'igaxx',100,'AC','C++ (G++ 4.6.4)'),(81205,183,'igaxx',100,'AC','C++ (G++ 4.6.4)'),(81541,183,'s1221149',0,'WA','C++ (G++ 4.6.4)'),(81548,183,'s1221149',0,'WA','C++ (G++ 4.6.4)'),(81567,183,'s1221149',0,'WA','C++ (G++ 4.6.4)'),(81674,184,'ktrumpet',100,'AC','C++11 (GCC 4.8.1)'),(81722,183,'s1221149',100,'AC','C++ (G++ 4.6.4)'),(82295,183,'ktrumpet',100,'AC','C++11 (GCC 4.8.1)'),(82325,208,'ktrumpet',0,'WA','C++11 (GCC 4.8.1)'),(82328,208,'ktrumpet',50,'WA','C++11 (GCC 4.8.1)'),(82335,208,'ktrumpet',50,'WA','C++11 (GCC 4.8.1)'),(82336,208,'ktrumpet',50,'WA','C++11 (GCC 4.8.1)'),(82452,181,'daijiken',NULL,'CE','C (GCC 4.6.4)'),(82453,181,'daijiken',100,'AC','C++ (G++ 4.6.4)'),(82459,182,'daijiken',0,'WA','C++ (G++ 4.6.4)'),(82460,182,'daijiken',0,'WA','C++ (G++ 4.6.4)'),(82461,182,'daijiken',0,'WA','C++ (G++ 4.6.4)'),(82462,182,'daijiken',100,'AC','C++ (G++ 4.6.4)'),(82465,183,'daijiken',100,'AC','C++ (G++ 4.6.4)'),(82497,208,'ktrumpet',100,'AC','C++11 (GCC 4.8.1)'),(93471,182,'igaxx',0,'RE','Perl (5.14.2)'),(93472,182,'igaxx',0,'WA','Perl (5.14.2)'),(93473,182,'igaxx',0,'RE','Perl (5.14.2)'),(93474,182,'igaxx',0,'WA','Perl (5.14.2)'),(93475,182,'igaxx',0,'WA','Perl (5.14.2)'),(93476,182,'igaxx',0,'WA','Perl (5.14.2)'),(93477,182,'igaxx',0,'WA','Perl (5.14.2)'),(104202,177,'igaxx',100,'AC','C++ (G++ 4.6.4)'),(104247,177,'s1221149',100,'AC','C++ (G++ 4.6.4)'),(104299,177,'ktrumpet',100,'AC','Ruby (1.9.3)'),(104335,177,'daijiken',100,'AC','C++ (G++ 4.6.4)'),(104541,178,'s1221149',100,'AC','C++ (G++ 4.6.4)'),(104546,177,'s1222066',0,'WA','PHP (PHP 5.3.10)'),(104555,178,'igaxx',0,'WA','C++ (G++ 4.6.4)'),(104576,177,'s1222066',100,'AC','PHP (PHP 5.3.10)'),(104596,178,'igaxx',0,'WA','C++ (G++ 4.6.4)'),(104618,178,'daijiken',100,'AC','C++ (G++ 4.6.4)'),(104621,178,'igaxx',100,'AC','C++ (G++ 4.6.4)'),(104768,178,'ktrumpet',100,'AC','Haskell (GHC 7.4.1)'),(104974,179,'ktrumpet',0,'WA','C++11 (GCC 4.8.1)'),(105065,179,'igaxx',0,'WA','C++ (G++ 4.6.4)'),(105148,177,'s1222066',0,'WA','C++ (G++ 4.6.4)'),(105158,179,'ktrumpet',0,'WA','C++11 (GCC 4.8.1)'),(105166,179,'igaxx',0,'WA','C++ (G++ 4.6.4)'),(105198,178,'s1222066',100,'AC','C++ (G++ 4.6.4)'),(105318,179,'ktrumpet',0,'WA','C++11 (GCC 4.8.1)'),(105430,179,'ktrumpet',0,'WA','C++11 (GCC 4.8.1)'),(105492,179,'igaxx',0,'WA','C++ (G++ 4.6.4)'),(105624,179,'ktrumpet',0,'WA','C++11 (GCC 4.8.1)'),(105739,179,'daijiken',0,'WA','C++ (G++ 4.6.4)'),(105821,179,'ktrumpet',0,'WA','C++11 (GCC 4.8.1)'),(105832,179,'ktrumpet',0,'WA','C++11 (GCC 4.8.1)'),(106332,177,'xyz',0,'RE','JavaScript (Node.js 0.6.12)'),(106333,177,'xyz',100,'AC','JavaScript (Node.js 0.6.12)'),(106334,178,'xyz',100,'AC','JavaScript (Node.js 0.6.12)'),(106343,179,'daijiken',0,'WA','C++ (G++ 4.6.4)'),(106344,179,'daijiken',0,'WA','C++ (G++ 4.6.4)'),(106358,179,'xyz',0,'WA','JavaScript (Node.js 0.6.12)'),(106359,181,'xyz',100,'AC','JavaScript (Node.js 0.6.12)'),(106363,182,'xyz',0,'WA','JavaScript (Node.js 0.6.12)'),(106364,182,'xyz',0,'WA','JavaScript (Node.js 0.6.12)'),(106580,178,'ktrumpet',100,'AC','Haskell (GHC 7.4.1)'),(106783,177,'s1221149',100,'AC','Haskell (GHC 7.4.1)'),(106790,181,'s1221149',100,'AC','Haskell (GHC 7.4.1)'),(106794,185,'s1221149',100,'AC','Haskell (GHC 7.4.1)'),(106808,189,'s1221149',100,'AC','Haskell (GHC 7.4.1)'),(106853,197,'s1221149',100,'AC','Haskell (GHC 7.4.1)'),(106885,169,'igaxx',0,'WA','C++ (G++ 4.6.4)'),(106966,169,'ktrumpet',100,'AC','Ruby (1.9.3)'),(106972,169,'daijiken',100,'AC','C++ (G++ 4.6.4)'),(107038,169,'igaxx',100,'AC','C++ (G++ 4.6.4)'),(107047,169,'s1222066',0,'WA','PHP (PHP 5.3.10)'),(107145,169,'s1222066',100,'AC','PHP (PHP 5.3.10)'),(107204,170,'daijiken',0,'WA','C++ (G++ 4.6.4)'),(107232,170,'ktrumpet',0,'WA','Haskell (GHC 7.4.1)'),(107234,170,'daijiken',100,'AC','C++ (G++ 4.6.4)'),(107276,170,'igaxx',0,'WA','C++ (G++ 4.6.4)'),(107318,170,'ktrumpet',100,'AC','Haskell (GHC 7.4.1)'),(107320,170,'igaxx',0,'WA','C++ (G++ 4.6.4)'),(107373,169,'s1221149',100,'AC','Haskell (GHC 7.4.1)'),(107382,170,'igaxx',100,'AC','C++ (G++ 4.6.4)'),(107429,169,'s1222066',0,'WA','PHP (PHP 5.3.10)'),(107457,170,'s1222066',0,'WA','PHP (PHP 5.3.10)'),(107558,170,'s1222066',100,'AC','PHP (PHP 5.3.10)'),(108040,170,'s1221149',0,'WA','Haskell (GHC 7.4.1)'),(108123,171,'s1222066',0,'WA','PHP (PHP 5.3.10)'),(108153,171,'s1222066',100,'AC','PHP (PHP 5.3.10)'),(108165,170,'s1221149',0,'WA','Haskell (GHC 7.4.1)'),(108259,170,'s1221149',100,'AC','Haskell (GHC 7.4.1)'),(108446,171,'ktrumpet',0,'WA','Haskell (GHC 7.4.1)'),(108465,171,'ktrumpet',0,'WA','Haskell (GHC 7.4.1)'),(108477,171,'ktrumpet',0,'WA','Haskell (GHC 7.4.1)'),(108515,171,'ktrumpet',0,'WA','Haskell (GHC 7.4.1)'),(108561,171,'ktrumpet',0,'WA','Haskell (GHC 7.4.1)'),(108609,171,'ktrumpet',0,'WA','Haskell (GHC 7.4.1)'),(109063,172,'s1222066',0,'TLE','PHP (PHP 5.3.10)'),(109185,197,'ktrumpet',100,'AC','Haskell (GHC 7.4.1)'),(109192,197,'ktrumpet',100,'AC','Haskell (GHC 7.4.1)'),(110640,165,'igaxx',100,'AC','C++ (G++ 4.6.4)'),(110715,165,'ktrumpet',100,'AC','Ruby (1.9.3)'),(110758,166,'igaxx',0,'WA','C++ (G++ 4.6.4)'),(110827,166,'igaxx',100,'AC','C++ (G++ 4.6.4)'),(110850,166,'ktrumpet',100,'AC','Haskell (GHC 7.4.1)'),(110860,165,'s1222066',0,'WA','PHP (PHP 5.3.10)'),(111032,165,'s1222066',100,'AC','PHP (PHP 5.3.10)'),(111133,167,'ktrumpet',100,'AC','Haskell (GHC 7.4.1)'),(111220,165,'s1222066',0,'WA','PHP (PHP 5.3.10)'),(111294,166,'s1222066',100,'AC','PHP (PHP 5.3.10)'),(111683,168,'ktrumpet',100,'AC','Ruby (1.9.3)'),(111698,167,'s1222066',100,'AC','PHP (PHP 5.3.10)'),(112137,168,'s1222066',0,'WA','PHP (PHP 5.3.10)'),(112158,168,'s1222066',0,'WA','PHP (PHP 5.3.10)'),(113170,173,'ktrumpet',100,'AC','Haskell (GHC 7.4.1)'),(113366,174,'ktrumpet',100,'AC','C++11 (GCC 4.8.1)'),(113818,173,'xyz',0,'WA','JavaScript (Node.js 0.6.12)'),(113856,173,'xyz',0,'WA','JavaScript (Node.js 0.6.12)'),(113907,173,'xyz',0,'WA','JavaScript (Node.js 0.6.12)'),(114044,174,'xyz',0,'WA','JavaScript (Node.js 0.6.12)'),(114154,174,'xyz',0,'WA','JavaScript (Node.js 0.6.12)'),(114176,174,'xyz',0,'WA','JavaScript (Node.js 0.6.12)'),(114253,174,'xyz',0,'WA','JavaScript (Node.js 0.6.12)'),(118583,173,'igaxx',100,'AC','C++ (G++ 4.6.4)'),(118589,174,'igaxx',100,'AC','C++ (G++ 4.6.4)'),(118597,174,'igaxx',100,'AC','C++ (G++ 4.6.4)'),(118787,175,'igaxx',10,'WA','C++ (G++ 4.6.4)'),(118788,175,'igaxx',NULL,'CE','C++ (G++ 4.6.4)'),(118789,175,'igaxx',0,'WA','C++ (G++ 4.6.4)'),(118790,175,'igaxx',20,'WA','C++ (G++ 4.6.4)'),(118791,175,'igaxx',0,'WA','C++ (G++ 4.6.4)'),(118792,175,'igaxx',0,'WA','C++ (G++ 4.6.4)'),(118793,175,'igaxx',30,'WA','C++ (G++ 4.6.4)'),(121959,161,'ktrumpet',100,'AC','Ruby (1.9.3)'),(122140,162,'ktrumpet',100,'AC','Haskell (GHC 7.4.1)'),(122170,161,'s1222066',100,'AC','PHP (PHP 5.3.10)'),(122259,163,'ktrumpet',100,'AC','Haskell (GHC 7.4.1)'),(122335,162,'s1222066',0,'WA','PHP (PHP 5.3.10)'),(122437,162,'s1222066',0,'WA','PHP (PHP 5.3.10)'),(122517,162,'s1222066',0,'WA','PHP (PHP 5.3.10)'),(122621,162,'s1222066',100,'AC','PHP (PHP 5.3.10)'),(122937,163,'s1222066',100,'AC','PHP (PHP 5.3.10)'),(123013,164,'ktrumpet',101,'AC','C++11 (GCC 4.8.1)'),(123172,161,'poxoq',0,'RE','Java (OpenJDK 1.7.0)'),(123177,161,'poxoq',0,'WA','Java (OpenJDK 1.7.0)'),(123179,161,'poxoq',0,'WA','Java (OpenJDK 1.7.0)'),(123182,161,'poxoq',0,'WA','Java (OpenJDK 1.7.0)'),(123191,161,'poxoq',0,'WA','Java (OpenJDK 1.7.0)'),(123198,161,'poxoq',100,'AC','Java (OpenJDK 1.7.0)'),(123236,162,'poxoq',0,'RE','Java (OpenJDK 1.7.0)'),(123239,161,'poxoq',0,'RE','Java (OpenJDK 1.7.0)'),(123241,161,'poxoq',0,'RE','Java (OpenJDK 1.7.0)'),(123242,162,'poxoq',0,'RE','Java (OpenJDK 1.7.0)'),(123264,162,'poxoq',0,'RE','Java (OpenJDK 1.7.0)'),(123272,162,'poxoq',0,'RE','Java (OpenJDK 1.7.0)'),(123276,162,'poxoq',0,'RE','Java (OpenJDK 1.7.0)'),(123280,162,'poxoq',0,'WA','Java (OpenJDK 1.7.0)'),(123283,162,'poxoq',0,'WA','Java (OpenJDK 1.7.0)'),(123287,162,'poxoq',0,'WA','Java (OpenJDK 1.7.0)'),(123289,162,'poxoq',0,'WA','Java (OpenJDK 1.7.0)'),(123298,162,'poxoq',100,'AC','Java (OpenJDK 1.7.0)'),(123307,163,'poxoq',0,'RE','Java (OpenJDK 1.7.0)'),(123310,163,'poxoq',0,'RE','Java (OpenJDK 1.7.0)'),(123315,163,'poxoq',0,'RE','Java (OpenJDK 1.7.0)'),(123318,163,'poxoq',100,'AC','Java (OpenJDK 1.7.0)'),(123338,164,'poxoq',0,'WA','Java (OpenJDK 1.7.0)'),(123339,164,'poxoq',0,'WA','Java (OpenJDK 1.7.0)'),(124398,161,'ktrumpet',100,'AC','Haskell (GHC 7.4.1)'),(129074,87,'igaxx',NULL,'CE','C++ (G++ 4.6.4)'),(129086,87,'igaxx',100,'AC','C++ (G++ 4.6.4)'),(129236,87,'daijiken',100,'AC','C++ (G++ 4.6.4)'),(129387,88,'igaxx',100,'AC','C++ (G++ 4.6.4)'),(129477,87,'ktrumpet',100,'AC','C++ (G++ 4.6.4)'),(129551,88,'daijiken',0,'WA','C++ (G++ 4.6.4)'),(129646,88,'ktrumpet',NULL,'CE','C++ (G++ 4.6.4)'),(129657,88,'ktrumpet',100,'AC','C++11 (GCC 4.8.1)'),(129781,89,'ktrumpet',100,'AC','C++11 (GCC 4.8.1)'),(129864,88,'daijiken',0,'RE','C++ (G++ 4.6.4)'),(129933,88,'daijiken',0,'WA','C++ (G++ 4.6.4)'),(130000,88,'daijiken',100,'AC','C++ (G++ 4.6.4)'),(130490,87,'ktrumpet',100,'AC','Ruby (1.9.3)'),(130613,89,'igaxx',100,'AC','C++ (G++ 4.6.4)'),(130620,89,'ktrumpet',0,'WA','C++11 (GCC 4.8.1)'),(130624,89,'ktrumpet',100,'AC','C++11 (GCC 4.8.1)'),(130682,88,'igaxx',100,'AC','C++ (G++ 4.6.4)'),(130737,87,'ktrumpet',100,'AC','Ruby (1.9.3)'),(130930,87,'poxoq',0,'RE','Java (OpenJDK 1.7.0)'),(130934,87,'poxoq',0,'RE','Java (OpenJDK 1.7.0)'),(130935,87,'poxoq',100,'AC','Java (OpenJDK 1.7.0)'),(130940,89,'ktrumpet',100,'AC','C++11 (GCC 4.8.1)'),(130947,88,'poxoq',0,'TLE','Java (OpenJDK 1.7.0)'),(130950,88,'poxoq',0,'TLE','Java (OpenJDK 1.7.0)'),(130952,88,'poxoq',0,'TLE','Java (OpenJDK 1.7.0)'),(130959,88,'poxoq',0,'WA','Java (OpenJDK 1.7.0)'),(130961,88,'poxoq',0,'TLE','Java (OpenJDK 1.7.0)'),(130965,88,'poxoq',0,'TLE','Java (OpenJDK 1.7.0)'),(130968,88,'poxoq',0,'TLE','Java (OpenJDK 1.7.0)'),(130970,88,'poxoq',0,'WA','Java (OpenJDK 1.7.0)'),(130972,88,'poxoq',0,'TLE','Java (OpenJDK 1.7.0)'),(130976,88,'poxoq',0,'TLE','Java (OpenJDK 1.7.0)'),(131660,157,'ktrumpet',100,'AC','Ruby (1.9.3)'),(131844,157,'igaxx',100,'AC','Ruby (1.9.3)'),(131894,158,'ktrumpet',100,'AC','Haskell (GHC 7.4.1)'),(132123,158,'igaxx',0,'WA','Ruby (1.9.3)'),(132150,158,'igaxx',100,'AC','Ruby (1.9.3)'),(132295,159,'ktrumpet',100,'AC','C++11 (GCC 4.8.1)'),(132325,159,'igaxx',30,'TLE','Ruby (1.9.3)'),(132437,159,'igaxx',100,'AC','Ruby (1.9.3)'),(132668,160,'igaxx',0,'WA','Ruby (1.9.3)'),(132793,160,'igaxx',0,'WA','Ruby (1.9.3)'),(132849,160,'igaxx',0,'RE','Ruby (1.9.3)'),(132906,160,'igaxx',40,'WA','Ruby (1.9.3)'),(133426,160,'ktrumpet',0,'RE','C++11 (GCC 4.8.1)'),(133429,160,'ktrumpet',100,'AC','C++11 (GCC 4.8.1)'),(135131,83,'igaxx',100,'AC','C++ (G++ 4.6.4)'),(135172,83,'daijiken',100,'AC','C++ (G++ 4.6.4)'),(135223,83,'ktrumpet',100,'AC','Haskell (GHC 7.4.1)'),(135267,83,'s1221149',100,'AC','C++ (G++ 4.6.4)'),(135325,83,'poxoq',100,'AC','Java (OpenJDK 1.7.0)'),(135477,84,'ktrumpet',0,'WA','C++11 (GCC 4.8.1)'),(135552,84,'daijiken',0,'WA','C++ (G++ 4.6.4)'),(135566,84,'ktrumpet',0,'WA','C++11 (GCC 4.8.1)'),(135574,84,'igaxx',0,'WA','C++ (G++ 4.6.4)'),(135627,84,'daijiken',0,'WA','C++ (G++ 4.6.4)'),(135745,84,'igaxx',0,'WA','C++ (G++ 4.6.4)'),(135766,84,'igaxx',0,'WA','C++ (G++ 4.6.4)'),(135863,84,'s1221149',0,'WA','C++ (G++ 4.6.4)'),(135931,84,'igaxx',0,'WA','C++ (G++ 4.6.4)'),(136115,84,'s1221149',0,'WA','C++ (G++ 4.6.4)'),(136164,84,'ktrumpet',0,'WA','C++11 (GCC 4.8.1)'),(136183,85,'igaxx',0,'WA','C++ (G++ 4.6.4)'),(136220,84,'s1221149',0,'WA','C++ (G++ 4.6.4)'),(136261,84,'daijiken',0,'WA','C++ (G++ 4.6.4)'),(136308,85,'igaxx',0,'WA','C++ (G++ 4.6.4)'),(136379,85,'igaxx',100,'AC','C++ (G++ 4.6.4)'),(136380,84,'ktrumpet',0,'WA','C++11 (GCC 4.8.1)'),(136493,84,'ktrumpet',0,'WA','C++11 (GCC 4.8.1)'),(136498,84,'s1221149',NULL,'CE','C++ (G++ 4.6.4)'),(136504,84,'s1221149',0,'WA','C++ (G++ 4.6.4)'),(139802,84,'daijiken',0,'WA','C++ (G++ 4.6.4)'),(139808,84,'daijiken',0,'WA','C++ (G++ 4.6.4)'),(139812,84,'daijiken',0,'WA','C++ (G++ 4.6.4)'),(139815,84,'daijiken',100,'AC','C++ (G++ 4.6.4)'),(140198,84,'igaxx',100,'AC','C++ (G++ 4.6.4)'),(143341,79,'ktrumpet',100,'AC','Haskell (GHC 7.4.1)'),(143348,79,'igaxx',100,'AC','C++ (G++ 4.6.4)'),(143516,80,'ktrumpet',0,'WA','C++11 (GCC 4.8.1)'),(143555,80,'igaxx',0,'WA','C++ (G++ 4.6.4)'),(143582,80,'igaxx',100,'AC','C++ (G++ 4.6.4)'),(143586,80,'ktrumpet',0,'WA','C++11 (GCC 4.8.1)'),(143898,82,'igaxx',0,'WA','Text (cat)'),(143917,82,'igaxx',0,'WA','Text (cat)'),(143984,82,'igaxx',0,'WA','Text (cat)'),(144050,82,'igaxx',0,'WA','Text (cat)'),(144073,82,'igaxx',0,'WA','Text (cat)'),(144209,82,'igaxx',0,'WA','Text (cat)'),(144214,82,'igaxx',0,'WA','Text (cat)'),(144265,82,'igaxx',0,'WA','Text (cat)'),(144283,82,'igaxx',5,'AC','Text (cat)'),(144441,82,'igaxx',0,'WA','Text (cat)'),(144523,82,'igaxx',0,'WA','C++ (G++ 4.6.4)'),(144532,80,'ktrumpet',100,'AC','C++11 (GCC 4.8.1)'),(144606,82,'igaxx',0,'WA','C++ (G++ 4.6.4)'),(144724,79,'ktrumpet',NULL,'CE','Haskell (GHC 7.4.1)'),(144940,81,'ktrumpet',0,'TLE','C++11 (GCC 4.8.1)'),(144954,81,'ktrumpet',0,'TLE','C++11 (GCC 4.8.1)'),(144974,81,'ktrumpet',0,'WA','C++11 (GCC 4.8.1)'),(146826,153,'ktrumpet',0,'WA','Ruby (1.9.3)'),(146861,153,'ktrumpet',100,'AC','Ruby (1.9.3)'),(146949,154,'ktrumpet',100,'AC','Haskell (GHC 7.4.1)'),(147142,155,'ktrumpet',100,'AC','C++11 (GCC 4.8.1)'),(147271,156,'ktrumpet',100,'AC','C++11 (GCC 4.8.1)'),(148228,156,'ktrumpet',100,'AC','C++11 (GCC 4.8.1)'),(148843,153,'igaxx',0,'WA','Ruby (1.9.3)'),(148844,153,'igaxx',100,'AC','Ruby (1.9.3)'),(148846,154,'igaxx',0,'WA','Ruby (1.9.3)'),(148847,154,'igaxx',0,'WA','Ruby (1.9.3)'),(148852,154,'igaxx',0,'RE','Ruby (1.9.3)'),(148854,154,'igaxx',100,'AC','Ruby (1.9.3)'),(148856,155,'igaxx',0,'RE','Ruby (1.9.3)'),(148857,155,'igaxx',0,'RE','Ruby (1.9.3)'),(148858,155,'igaxx',0,'WA','Ruby (1.9.3)'),(148859,155,'igaxx',0,'WA','Ruby (1.9.3)'),(148860,155,'igaxx',0,'WA','Ruby (1.9.3)'),(148861,155,'igaxx',100,'AC','Ruby (1.9.3)'),(148973,169,'poxoq',100,'AC','Java (OpenJDK 1.7.0)'),(148974,170,'poxoq',0,'WA','Java (OpenJDK 1.7.0)'),(148975,170,'poxoq',0,'WA','Java (OpenJDK 1.7.0)'),(148977,170,'poxoq',0,'WA','Java (OpenJDK 1.7.0)'),(148981,170,'poxoq',0,'WA','Java (OpenJDK 1.7.0)'),(148982,170,'poxoq',0,'WA','Java (OpenJDK 1.7.0)'),(148983,170,'poxoq',0,'WA','Java (OpenJDK 1.7.0)'),(148985,170,'poxoq',0,'WA','Java (OpenJDK 1.7.0)'),(148991,153,'daijiken',0,'WA','C++ (G++ 4.6.4)'),(148994,154,'daijiken',100,'AC','C++ (G++ 4.6.4)'),(148997,170,'poxoq',100,'AC','Java (OpenJDK 1.7.0)'),(149003,155,'daijiken',100,'AC','C++ (G++ 4.6.4)'),(149032,171,'poxoq',0,'WA','Java (OpenJDK 1.7.0)'),(149034,171,'poxoq',0,'WA','Java (OpenJDK 1.7.0)'),(151606,75,'igaxx',100,'AC','C++ (G++ 4.6.4)'),(151644,75,'ktrumpet',100,'AC','Haskell (GHC 7.4.1)'),(151723,75,'daijiken',100,'AC','C++ (G++ 4.6.4)'),(152015,76,'ktrumpet',100,'AC','Haskell (GHC 7.4.1)'),(152019,76,'igaxx',100,'AC','C++ (G++ 4.6.4)'),(152034,76,'daijiken',0,'WA','C++ (G++ 4.6.4)'),(152374,76,'daijiken',0,'WA','C++ (G++ 4.6.4)'),(153192,76,'daijiken',0,'WA','C++ (G++ 4.6.4)'),(153317,78,'ktrumpet',30,'RE','C++11 (GCC 4.8.1)'),(153370,163,'ktrumpet',100,'AC','Haskell (GHC 7.4.1)'),(153416,183,'ktrumpet',100,'AC','Haskell (GHC 7.4.1)'),(153731,76,'daijiken',100,'AC','C++ (G++ 4.6.4)'),(153923,77,'ktrumpet',20,'WA','C++11 (GCC 4.8.1)'),(153928,77,'ktrumpet',20,'WA','C++11 (GCC 4.8.1)'),(154165,76,'daijiken',100,'AC','C++ (G++ 4.6.4)'),(154735,149,'igaxx',100,'AC','Ruby (1.9.3)'),(154767,149,'ktrumpet',100,'AC','Haskell (GHC 7.4.1)'),(154916,150,'igaxx',100,'AC','Ruby (1.9.3)'),(155177,151,'igaxx',100,'AC','Ruby (1.9.3)'),(155288,152,'igaxx',0,'WA','Ruby (1.9.3)'),(155311,150,'ktrumpet',100,'AC','C++11 (GCC 4.8.1)'),(155417,149,'poxoq',100,'AC','Java (OpenJDK 1.7.0)'),(155554,152,'igaxx',0,'WA','Ruby (1.9.3)'),(155654,151,'ktrumpet',100,'AC','Haskell (GHC 7.4.1)'),(155738,152,'igaxx',100,'AC','C++ (G++ 4.6.4)'),(155749,152,'ktrumpet',100,'AC','C++11 (GCC 4.8.1)'),(156204,150,'poxoq',0,'MLE','Java (OpenJDK 1.7.0)'),(156683,150,'ktrumpet',0,'RE','Haskell (GHC 7.4.1)'),(157001,150,'ktrumpet',NULL,'CE','Haskell (GHC 7.4.1)'),(157002,150,'ktrumpet',100,'AC','Haskell (GHC 7.4.1)'),(157156,191,'ktrumpet',100,'AC','C++11 (GCC 4.8.1)'),(157164,191,'igaxx',0,'WA','C++ (G++ 4.6.4)'),(157169,191,'igaxx',0,'WA','C++ (G++ 4.6.4)'),(157171,191,'igaxx',0,'WA','C++ (G++ 4.6.4)'),(157174,191,'igaxx',0,'WA','C++ (G++ 4.6.4)'),(157178,191,'igaxx',100,'AC','C++ (G++ 4.6.4)'),(157195,76,'ktrumpet',100,'AC','Haskell (GHC 7.4.1)'),(157541,150,'daijiken',0,'WA','C++ (G++ 4.6.4)'),(157549,152,'daijiken',0,'WA','C++ (G++ 4.6.4)'),(157556,152,'daijiken',0,'WA','C++ (G++ 4.6.4)'),(157557,152,'daijiken',100,'AC','C++ (G++ 4.6.4)'),(157587,150,'ktrumpet',0,'RE','Haskell (GHC 7.4.1)'),(157598,150,'ktrumpet',100,'AC','Haskell (GHC 7.4.1)'),(158626,71,'ktrumpet',100,'AC','C++11 (GCC 4.8.1)'),(158657,71,'s1221149',100,'AC','C++ (G++ 4.6.4)'),(158766,71,'poxoq',100,'AC','Java (OpenJDK 1.7.0)'),(158829,72,'ktrumpet',100,'AC','C++11 (GCC 4.8.1)'),(158917,72,'s1221149',100,'AC','C++ (G++ 4.6.4)'),(159183,73,'ktrumpet',55,'RE','C++11 (GCC 4.8.1)'),(159198,71,'daijiken',0,'WA','C++ (G++ 4.6.4)'),(159248,73,'s1221149',55,'TLE','C++ (G++ 4.6.4)'),(159283,71,'daijiken',0,'WA','C++ (G++ 4.6.4)'),(159680,71,'daijiken',100,'AC','C++ (G++ 4.6.4)'),(160964,71,'poxoq',0,'WA','C++ (G++ 4.6.4)'),(160966,71,'poxoq',100,'AC','C++ (G++ 4.6.4)'),(160968,169,'poxoq',100,'AC','C++ (G++ 4.6.4)'),(160971,170,'poxoq',NULL,'CE','C++ (G++ 4.6.4)'),(161042,152,'s1221149',100,'AC','C++11 (GCC 4.8.1)'),(161856,145,'ktrumpet',100,'AC','Haskell (GHC 7.4.1)'),(161924,146,'ktrumpet',100,'AC','Haskell (GHC 7.4.1)'),(161989,145,'s1221149',0,'RE','JavaScript (Node.js 0.6.12)'),(162089,145,'s1221149',0,'RE','JavaScript (Node.js 0.6.12)'),(162119,147,'ktrumpet',100,'AC','C++11 (GCC 4.8.1)'),(162133,145,'s1221149',100,'AC','JavaScript (Node.js 0.6.12)'),(162152,145,'s1221149',100,'AC','JavaScript (Node.js 0.6.12)'),(162198,146,'s1221149',0,'WA','JavaScript (Node.js 0.6.12)'),(162217,146,'s1221149',0,'WA','JavaScript (Node.js 0.6.12)'),(162238,145,'toshikit',0,'WA','C (GCC 4.6.4)'),(162250,146,'s1221149',0,'WA','JavaScript (Node.js 0.6.12)'),(162299,148,'ktrumpet',100,'AC','C++11 (GCC 4.8.1)'),(162353,146,'s1221149',100,'AC','JavaScript (Node.js 0.6.12)'),(162361,145,'igaxx',100,'AC','C++ (G++ 4.6.4)'),(162378,146,'igaxx',100,'AC','C++ (G++ 4.6.4)'),(162722,147,'s1221149',0,'WA','JavaScript (Node.js 0.6.12)'),(162727,147,'s1221149',100,'AC','JavaScript (Node.js 0.6.12)'),(163446,145,'ktrumpet',100,'AC','C++11 (GCC 4.8.1)'),(164960,147,'xyz',0,'RE','JavaScript (Node.js 0.6.12)'),(164961,147,'xyz',0,'RE','JavaScript (Node.js 0.6.12)'),(164962,147,'xyz',100,'AC','JavaScript (Node.js 0.6.12)'),(165183,233,'igaxx',100,'AC','Java (OpenJDK 1.7.0)'),(165260,67,'igaxx',0,'WA','C++ (G++ 4.6.4)'),(165290,67,'igaxx',100,'AC','C++ (G++ 4.6.4)'),(165296,67,'poxoq',0,'WA','Java (OpenJDK 1.7.0)'),(165328,67,'ktrumpet',100,'AC','Haskell (GHC 7.4.1)'),(165372,67,'s1221149',NULL,'CE','C++ (G++ 4.6.4)'),(165391,67,'poxoq',100,'AC','Java (OpenJDK 1.7.0)'),(165400,67,'s1221149',100,'AC','C++11 (GCC 4.8.1)'),(165493,68,'ktrumpet',100,'AC','C++11 (GCC 4.8.1)'),(165574,67,'tibimosu',100,'AC','C++ (G++ 4.6.4)'),(165609,68,'igaxx',0,'WA','C++ (G++ 4.6.4)'),(165678,69,'ktrumpet',100,'AC','C++11 (GCC 4.8.1)'),(165698,68,'igaxx',0,'WA','C++ (G++ 4.6.4)'),(165733,68,'s1221149',0,'WA','C++11 (GCC 4.8.1)'),(165751,68,'igaxx',100,'AC','C++ (G++ 4.6.4)'),(165763,68,'poxoq',0,'WA','Java (OpenJDK 1.7.0)'),(165971,68,'poxoq',0,'WA','Java (OpenJDK 1.7.0)'),(166048,68,'poxoq',0,'WA','Java (OpenJDK 1.7.0)'),(166101,69,'igaxx',100,'AC','C++ (G++ 4.6.4)'),(166133,70,'ktrumpet',10,'RE','C++11 (GCC 4.8.1)'),(166145,68,'poxoq',0,'WA','Java (OpenJDK 1.7.0)'),(166247,68,'poxoq',0,'WA','Java (OpenJDK 1.7.0)'),(166276,68,'s1221149',99,'TLE','C++11 (GCC 4.8.1)'),(166291,68,'poxoq',0,'WA','Java (OpenJDK 1.7.0)'),(166383,70,'igaxx',0,'WA','C++ (G++ 4.6.4)'),(166481,70,'igaxx',0,'WA','C++ (G++ 4.6.4)'),(166487,68,'poxoq',0,'WA','Java (OpenJDK 1.7.0)'),(166509,70,'igaxx',10,'WA','C++ (G++ 4.6.4)'),(166523,68,'poxoq',0,'WA','Java (OpenJDK 1.7.0)'),(166678,68,'poxoq',99,'TLE','Java (OpenJDK 1.7.0)'),(166719,68,'poxoq',50,'WA','Java (OpenJDK 1.7.0)'),(166725,69,'s1221149',0,'WA','C++11 (GCC 4.8.1)'),(166776,69,'s1221149',0,'WA','C++11 (GCC 4.8.1)'),(166789,69,'s1221149',0,'TLE','C++11 (GCC 4.8.1)'),(166980,68,'igaxx',0,'WA','C++ (G++ 4.6.4)'),(167005,67,'daijiken',100,'AC','C++ (G++ 4.6.4)'),(167016,68,'daijiken',0,'WA','C++ (G++ 4.6.4)'),(167031,68,'s1221149',0,'WA','C++11 (GCC 4.8.1)'),(167042,68,'s1221149',0,'WA','C++11 (GCC 4.8.1)'),(167044,68,'s1221149',100,'AC','C++11 (GCC 4.8.1)'),(167093,69,'s1221149',0,'WA','C++11 (GCC 4.8.1)'),(167094,69,'s1221149',0,'WA','C++11 (GCC 4.8.1)'),(167098,69,'s1221149',0,'WA','C++11 (GCC 4.8.1)'),(167135,69,'s1221149',0,'WA','C++11 (GCC 4.8.1)'),(167136,69,'s1221149',0,'WA','C++11 (GCC 4.8.1)'),(167335,67,'ktrumpet',100,'AC','Haskell (GHC 7.4.1)'),(167341,68,'ktrumpet',0,'WA','C++11 (GCC 4.8.1)'),(167342,68,'ktrumpet',100,'AC','C++11 (GCC 4.8.1)'),(167406,67,'igaxx',100,'AC','C++ (G++ 4.6.4)'),(167408,67,'igaxx',NULL,'CE','C++11 (GCC 4.8.1)'),(167412,68,'igaxx',100,'AC','C++11 (GCC 4.8.1)'),(167416,69,'igaxx',100,'AC','C++11 (GCC 4.8.1)'),(167524,69,'ktrumpet',100,'AC','C++11 (GCC 4.8.1)'),(167566,69,'s1221149',100,'AC','C++11 (GCC 4.8.1)'),(168479,169,'tibimosu',100,'AC','C++ (G++ 4.6.4)'),(168589,91,'s1221149',100,'AC','C++ (G++ 4.6.4)'),(168688,91,'ktrumpet',100,'AC','Haskell (GHC 7.4.1)'),(168770,91,'tibimosu',100,'AC','C++ (G++ 4.6.4)'),(168867,92,'ktrumpet',100,'AC','Haskell (GHC 7.4.1)'),(168903,91,'s1222066',100,'AC','Java (OpenJDK 1.7.0)'),(169041,92,'s1221149',NULL,'CE','C++ (G++ 4.6.4)'),(169250,93,'ktrumpet',100,'AC','C++11 (GCC 4.8.1)'),(169328,92,'tibimosu',100,'AC','C++ (G++ 4.6.4)'),(169860,93,'s1221149',NULL,'CE','C++ (G++ 4.6.4)'),(169864,93,'s1221149',NULL,'CE','C++ (G++ 4.6.4)'),(169865,93,'s1221149',99,'WA','C++11 (GCC 4.8.1)'),(169923,92,'s1221149',100,'AC','C++11 (GCC 4.8.1)'),(170047,91,'poxoq',100,'AC','Java (OpenJDK 1.7.0)'),(170052,92,'poxoq',100,'AC','Java (OpenJDK 1.7.0)'),(170079,93,'s1221149',99,'WA','C++11 (GCC 4.8.1)'),(170080,93,'s1221149',100,'AC','C++11 (GCC 4.8.1)'),(170091,94,'s1221149',100,'AC','C++11 (GCC 4.8.1)'),(170426,94,'ktrumpet',100,'AC','C++11 (GCC 4.8.1)'),(170620,92,'tibimosu',100,'AC','C++11 (GCC 4.8.1)'),(171148,67,'daijiken',100,'AC','C++ (G++ 4.6.4)'),(171156,68,'daijiken',0,'WA','C++ (G++ 4.6.4)'),(171157,68,'daijiken',50,'WA','C++ (G++ 4.6.4)'),(171414,13,'s1221149',100,'AC','C++11 (GCC 4.8.1)'),(171468,13,'poxoq',100,'AC','Java (OpenJDK 1.7.0)'),(171527,13,'ktrumpet',100,'AC','Haskell (GHC 7.4.1)'),(171594,14,'ktrumpet',100,'AC','C++11 (GCC 4.8.1)'),(171608,14,'s1221149',100,'AC','C++11 (GCC 4.8.1)'),(171616,13,'s1222066',100,'AC','Java (OpenJDK 1.7.0)'),(171680,13,'tibimosu',100,'AC','C++ (G++ 4.6.4)'),(172119,15,'s1221149',0,'WA','C++11 (GCC 4.8.1)'),(172160,15,'ktrumpet',0,'WA','C++11 (GCC 4.8.1)'),(172203,15,'s1221149',0,'WA','C++11 (GCC 4.8.1)'),(172209,15,'ktrumpet',50,'TLE','C++11 (GCC 4.8.1)'),(172283,15,'ktrumpet',0,'WA','C++11 (GCC 4.8.1)'),(172320,15,'s1221149',50,'TLE','C++11 (GCC 4.8.1)'),(172354,15,'s1221149',50,'TLE','C++11 (GCC 4.8.1)'),(172397,13,'ktrumpet',0,'WA','Ruby (1.9.3)'),(172586,14,'tibimosu',100,'AC','C++ (G++ 4.6.4)'),(172587,15,'s1221149',0,'WA','C++11 (GCC 4.8.1)'),(172605,15,'s1221149',NULL,'CE','C++11 (GCC 4.8.1)'),(172606,15,'s1221149',0,'RE','C++11 (GCC 4.8.1)'),(172607,15,'s1221149',0,'RE','C++11 (GCC 4.8.1)'),(172608,15,'s1221149',0,'WA','C++11 (GCC 4.8.1)'),(172614,15,'s1221149',80,'RE','C++11 (GCC 4.8.1)'),(172627,15,'s1221149',0,'MLE','C++11 (GCC 4.8.1)'),(172628,15,'s1221149',80,'MLE','C++11 (GCC 4.8.1)'),(172644,15,'s1221149',80,'TLE','C++11 (GCC 4.8.1)'),(172647,15,'s1221149',80,'TLE','C++11 (GCC 4.8.1)'),(172650,15,'s1221149',100,'AC','C++11 (GCC 4.8.1)'),(172665,15,'tibimosu',0,'WA','C++ (G++ 4.6.4)'),(172670,15,'tibimosu',0,'WA','C++ (G++ 4.6.4)'),(172674,15,'tibimosu',50,'WA','C++ (G++ 4.6.4)'),(173156,145,'tibimosu',100,'AC','C++ (G++ 4.6.4)'),(173157,146,'tibimosu',0,'WA','C++ (G++ 4.6.4)'),(173158,146,'tibimosu',100,'AC','C++ (G++ 4.6.4)'),(173633,147,'tibimosu',0,'WA','C++ (G++ 4.6.4)'),(173642,147,'tibimosu',0,'WA','C++ (G++ 4.6.4)'),(173649,147,'tibimosu',100,'AC','C++ (G++ 4.6.4)'),(173980,141,'ktrumpet',100,'AC','Haskell (GHC 7.4.1)'),(174017,141,'s1221149',100,'AC','C++11 (GCC 4.8.1)'),(174030,141,'poxoq',100,'AC','Java (OpenJDK 1.7.0)'),(174096,141,'s1222066',100,'AC','Java (OpenJDK 1.7.0)'),(174207,142,'ktrumpet',100,'AC','Haskell (GHC 7.4.1)'),(174256,141,'tibimosu',100,'AC','C++ (G++ 4.6.4)'),(174271,142,'s1221149',100,'AC','C++11 (GCC 4.8.1)'),(174285,141,'xyz',100,'AC','C++ (G++ 4.6.4)'),(174344,142,'poxoq',100,'AC','Java (OpenJDK 1.7.0)'),(174425,142,'xyz',100,'AC','C++ (G++ 4.6.4)'),(174587,142,'s1222066',100,'AC','Java (OpenJDK 1.7.0)'),(174619,143,'s1221149',0,'WA','C++11 (GCC 4.8.1)'),(174757,143,'ktrumpet',100,'AC','C++11 (GCC 4.8.1)'),(174909,142,'tibimosu',0,'WA','C++ (G++ 4.6.4)'),(174999,142,'tibimosu',100,'AC','C++ (G++ 4.6.4)'),(175032,143,'s1221149',0,'WA','C++11 (GCC 4.8.1)'),(175113,144,'xyz',0,'WA','C++ (G++ 4.6.4)'),(175155,143,'s1221149',100,'AC','C++11 (GCC 4.8.1)'),(175588,141,'toshikit',0,'WA','C (GCC 4.6.4)'),(175589,141,'toshikit',100,'AC','C (GCC 4.6.4)'),(175619,142,'toshikit',0,'WA','C (GCC 4.6.4)'),(175622,142,'toshikit',0,'WA','C (GCC 4.6.4)'),(175628,142,'toshikit',0,'WA','C (GCC 4.6.4)'),(175629,142,'toshikit',100,'AC','C (GCC 4.6.4)'),(176064,143,'s1222066',100,'AC','Java (OpenJDK 1.7.0)'),(177091,9,'daijiken',100,'AC','C++ (G++ 4.6.4)'),(177135,9,'ktrumpet',100,'AC','Haskell (GHC 7.4.1)'),(177158,9,'igaxx',100,'AC','C++ (G++ 4.6.4)'),(177246,9,'tibimosu',100,'AC','C++ (G++ 4.6.4)'),(177316,9,'xyz',0,'WA','JavaScript (Node.js 0.6.12)'),(177328,10,'igaxx',0,'TLE','C++ (G++ 4.6.4)'),(177344,9,'xyz',0,'WA','JavaScript (Node.js 0.6.12)'),(177365,10,'daijiken',0,'WA','C++ (G++ 4.6.4)'),(177435,10,'igaxx',0,'TLE','C++ (G++ 4.6.4)'),(177470,10,'igaxx',0,'WA','C++ (G++ 4.6.4)'),(177510,10,'ktrumpet',100,'AC','Haskell (GHC 7.4.1)'),(177511,10,'igaxx',100,'AC','C++ (G++ 4.6.4)'),(177572,10,'daijiken',0,'TLE','C++ (G++ 4.6.4)'),(177599,11,'ktrumpet',0,'WA','C++11 (GCC 4.8.1)'),(177606,10,'daijiken',0,'TLE','C++ (G++ 4.6.4)'),(177629,10,'daijiken',0,'TLE','C++ (G++ 4.6.4)'),(177674,10,'daijiken',0,'WA','C++ (G++ 4.6.4)'),(177712,11,'igaxx',45,'TLE','C++ (G++ 4.6.4)'),(177766,9,'xyz',0,'WA','C++ (G++ 4.6.4)'),(177785,11,'daijiken',0,'WA','C++ (G++ 4.6.4)'),(177835,10,'daijiken',0,'TLE','C++ (G++ 4.6.4)'),(177906,11,'daijiken',0,'WA','C++ (G++ 4.6.4)'),(177922,11,'daijiken',0,'WA','C++ (G++ 4.6.4)'),(177939,9,'xyz',0,'WA','JavaScript (Node.js 0.6.12)'),(177992,11,'daijiken',30,'TLE','C++ (G++ 4.6.4)'),(178350,9,'tibimosu',0,'WA','Java (OpenJDK 1.7.0)'),(178385,9,'tibimosu',0,'WA','C (GCC 4.6.4)'),(178390,9,'tibimosu',0,'WA','C (GCC 4.4.7)'),(178396,9,'tibimosu',0,'WA','C (GCC 4.6.4)'),(178409,9,'tibimosu',0,'WA','C (GCC 4.6.4)'),(178425,9,'tibimosu',0,'WA','C (GCC 4.6.4)'),(178428,9,'tibimosu',100,'AC','C (GCC 4.6.4)'),(178492,9,'xyz',100,'AC','JavaScript (Node.js 0.6.12)'),(178563,9,'tibimosu',100,'AC','Java (OpenJDK 1.7.0)'),(178676,9,'poxoq',100,'AC','Java (OpenJDK 1.7.0)'),(178684,10,'poxoq',0,'TLE','Java (OpenJDK 1.7.0)'),(178687,10,'poxoq',0,'TLE','Java (OpenJDK 1.7.0)'),(179580,147,'poxoq',100,'AC','Java (OpenJDK 1.7.0)'),(179593,233,'poxoq',0,'WA','Java (OpenJDK 1.7.0)'),(179594,233,'poxoq',100,'AC','Java (OpenJDK 1.7.0)'),(179882,137,'poxoq',100,'AC','Java (OpenJDK 1.7.0)'),(179887,137,'s1221149',100,'AC','C++11 (GCC 4.8.1)'),(179957,137,'ktrumpet',100,'AC','Haskell (GHC 7.4.1)'),(179985,137,'s1222066',100,'AC','Java (OpenJDK 1.7.0)'),(179994,137,'xyz',100,'AC','C++ (G++ 4.6.4)'),(180106,137,'tibimosu',100,'AC','C++ (G++ 4.6.4)'),(180117,138,'s1221149',100,'AC','C++11 (GCC 4.8.1)'),(180270,138,'ktrumpet',100,'AC','Haskell (GHC 7.4.1)'),(180273,138,'xyz',100,'AC','C++ (G++ 4.6.4)'),(180280,140,'igaxx',0,'WA','C++ (G++ 4.6.4)'),(180282,138,'poxoq',100,'AC','Java (OpenJDK 1.7.0)'),(180400,138,'tibimosu',100,'AC','C++ (G++ 4.6.4)'),(180406,140,'igaxx',100,'AC','C++ (G++ 4.6.4)'),(180411,139,'ktrumpet',100,'AC','C++11 (GCC 4.8.1)'),(180428,138,'s1222066',100,'AC','Java (OpenJDK 1.7.0)'),(180525,139,'poxoq',100,'AC','Java (OpenJDK 1.7.0)'),(180539,139,'s1221149',100,'AC','C++11 (GCC 4.8.1)'),(180587,140,'ktrumpet',100,'AC','C++11 (GCC 4.8.1)'),(180629,139,'igaxx',100,'AC','C++ (G++ 4.6.4)'),(180694,138,'igaxx',100,'AC','C++ (G++ 4.6.4)'),(180700,137,'igaxx',100,'AC','C++ (G++ 4.6.4)'),(180730,139,'xyz',100,'AC','C++ (G++ 4.6.4)'),(180780,139,'s1222066',100,'AC','Java (OpenJDK 1.7.0)'),(180788,139,'tibimosu',100,'AC','C++ (G++ 4.6.4)'),(180977,137,'toshikit',100,'AC','C (GCC 4.6.4)'),(181015,140,'s1221149',99,'WA','C++11 (GCC 4.8.1)'),(181198,138,'ktrumpet',100,'AC','Haskell (GHC 7.4.1)'),(182651,140,'igaxx',NULL,'CE','C++ (G++ 4.6.4)'),(182652,140,'igaxx',0,'WA','C++ (G++ 4.6.4)'),(182653,140,'igaxx',100,'AC','C++ (G++ 4.6.4)'),(182856,140,'s1221149',100,'AC','C++11 (GCC 4.8.1)'),(185958,158,'igaxx',100,'AC','C++ (G++ 4.6.4)'),(185967,159,'igaxx',100,'AC','C++ (G++ 4.6.4)'),(185971,222,'igaxx',100,'AC','C++ (G++ 4.6.4)'),(186047,158,'xyz',0,'WA','C++ (G++ 4.6.4)'),(186049,158,'xyz',100,'AC','C++ (G++ 4.6.4)'),(186057,158,'goromisk',0,'WA','C++ (G++ 4.6.4)'),(186059,158,'goromisk',0,'WA','C++ (G++ 4.6.4)'),(186061,158,'goromisk',0,'WA','C++ (G++ 4.6.4)'),(186062,158,'goromisk',0,'WA','C++ (G++ 4.6.4)'),(186065,158,'goromisk',0,'WA','C++ (G++ 4.6.4)'),(186067,159,'xyz',100,'AC','C++ (G++ 4.6.4)'),(186068,158,'goromisk',100,'AC','C++ (G++ 4.6.4)'),(186075,159,'goromisk',30,'TLE','C++ (G++ 4.6.4)'),(186121,222,'xyz',0,'WA','C++ (G++ 4.6.4)'),(186124,222,'xyz',0,'WA','C++ (G++ 4.6.4)'),(186126,222,'xyz',100,'AC','C++ (G++ 4.6.4)'),(186191,169,'xyz',100,'AC','C++ (G++ 4.6.4)'),(186777,133,'poxoq',100,'AC','Java (OpenJDK 1.7.0)'),(186904,133,'s1222066',100,'AC','Java (OpenJDK 1.7.0)'),(186907,133,'s1221149',100,'AC','C++11 (GCC 4.8.1)'),(186916,133,'xyz',100,'AC','C++ (G++ 4.6.4)'),(186919,133,'ktrumpet',0,'WA','Haskell (GHC 7.4.1)'),(187019,133,'tibimosu',100,'AC','C++ (G++ 4.6.4)'),(187033,133,'ktrumpet',100,'AC','Haskell (GHC 7.4.1)'),(187068,134,'poxoq',100,'AC','Java (OpenJDK 1.7.0)'),(187120,134,'ktrumpet',100,'AC','Ruby (1.9.3)'),(187173,134,'s1221149',100,'AC','C++11 (GCC 4.8.1)'),(187295,134,'tibimosu',100,'AC','C++ (G++ 4.6.4)'),(187303,134,'s1222066',100,'AC','Java (OpenJDK 1.7.0)'),(187316,135,'ktrumpet',100,'AC','C++11 (GCC 4.8.1)'),(187359,134,'xyz',NULL,'CE','C++ (G++ 4.6.4)'),(187429,133,'xyz',NULL,'CE','C++ (G++ 4.6.4)'),(187570,134,'xyz',100,'AC','C++ (G++ 4.6.4)'),(187577,135,'poxoq',0,'WA','Java (OpenJDK 1.7.0)'),(187610,135,'poxoq',0,'WA','Java (OpenJDK 1.7.0)'),(187611,135,'s1221149',100,'AC','C++11 (GCC 4.8.1)'),(187885,135,'poxoq',0,'WA','Java (OpenJDK 1.7.0)'),(187965,135,'tibimosu',0,'WA','C++ (G++ 4.6.4)'),(187979,135,'poxoq',0,'WA','Java (OpenJDK 1.7.0)'),(188096,135,'xyz',NULL,'CE','C++ (G++ 4.6.4)'),(188161,135,'xyz',0,'WA','C++ (G++ 4.6.4)'),(188172,135,'poxoq',0,'WA','Java (OpenJDK 1.7.0)'),(188228,135,'xyz',0,'WA','C++ (G++ 4.6.4)'),(188235,136,'ktrumpet',100,'TLE','C++11 (GCC 4.8.1)'),(188276,135,'tibimosu',0,'WA','C++ (G++ 4.6.4)'),(188353,135,'s1222066',0,'WA','Java (OpenJDK 1.7.0)'),(188369,135,'xyz',0,'WA','C++ (G++ 4.6.4)'),(188394,135,'poxoq',100,'AC','Java (OpenJDK 1.7.0)'),(188532,135,'s1222066',0,'WA','Java (OpenJDK 1.7.0)'),(188622,136,'s1221149',90,'WA','C++11 (GCC 4.8.1)'),(188632,135,'s1222066',0,'RE','Java (OpenJDK 1.7.0)'),(188733,135,'xyz',NULL,'CE','C++ (G++ 4.6.4)'),(188746,135,'xyz',100,'AC','C++ (G++ 4.6.4)'),(188773,135,'s1222066',0,'WA','Java (OpenJDK 1.7.0)'),(188801,135,'tibimosu',0,'RE','C++ (G++ 4.6.4)'),(188851,136,'poxoq',0,'WA','Java (OpenJDK 1.7.0)'),(188973,136,'s1221149',0,'WA','C++11 (GCC 4.8.1)'),(188977,136,'s1221149',90,'WA','C++11 (GCC 4.8.1)'),(189010,135,'s1222066',0,'WA','Java (OpenJDK 1.7.0)'),(189021,135,'s1222066',0,'WA','Java (OpenJDK 1.7.0)'),(189042,135,'s1222066',0,'WA','Java (OpenJDK 1.7.0)'),(189057,135,'s1222066',0,'WA','Java (OpenJDK 1.7.0)'),(189074,136,'poxoq',0,'WA','Java (OpenJDK 1.7.0)'),(189100,135,'s1222066',0,'WA','Java (OpenJDK 1.7.0)'),(189108,136,'s1221149',100,'WA','C++11 (GCC 4.8.1)'),(189188,134,'s1221149',100,'AC','C++11 (GCC 4.8.1)'),(189254,135,'tibimosu',0,'WA','C++ (G++ 4.6.4)'),(189277,135,'tibimosu',100,'AC','C++ (G++ 4.6.4)'),(189297,135,'s1221149',100,'AC','C++11 (GCC 4.8.1)'),(189396,136,'s1221149',100,'WA','C++11 (GCC 4.8.1)'),(189942,133,'toshikit',0,'WA','C (GCC 4.6.4)'),(189945,133,'toshikit',100,'AC','C (GCC 4.6.4)'),(191405,5,'s1221149',100,'AC','C++ (G++ 4.6.4)'),(191512,5,'ktrumpet',100,'AC','Haskell (GHC 7.4.1)'),(191535,5,'tibimosu',100,'AC','C++ (G++ 4.6.4)'),(191569,5,'poxoq',100,'AC','Java (OpenJDK 1.7.0)'),(191691,6,'ktrumpet',0,'WA','C++11 (GCC 4.8.1)'),(191729,6,'tibimosu',50,'TLE','C++ (G++ 4.6.4)'),(191731,6,'poxoq',50,'TLE','Java (OpenJDK 1.7.0)'),(191741,6,'s1221149',0,'WA','C++11 (GCC 4.8.1)'),(191755,6,'ktrumpet',100,'AC','C++11 (GCC 4.8.1)'),(191804,6,'poxoq',50,'TLE','Java (OpenJDK 1.7.0)'),(191918,6,'s1221149',0,'WA','C++11 (GCC 4.8.1)'),(191996,6,'s1221149',50,'WA','C++11 (GCC 4.8.1)'),(192125,7,'ktrumpet',60,'WA','C++11 (GCC 4.8.1)'),(192178,6,'s1221149',100,'AC','C++11 (GCC 4.8.1)'),(192179,6,'s1221149',100,'AC','C++11 (GCC 4.8.1)'),(192206,7,'ktrumpet',60,'WA','C++11 (GCC 4.8.1)'),(192231,5,'xyz',100,'AC','C++11 (GCC 4.8.1)'),(192325,7,'ktrumpet',100,'AC','C++11 (GCC 4.8.1)'),(192362,6,'xyz',50,'TLE','C++11 (GCC 4.8.1)'),(192523,6,'xyz',50,'TLE','C++11 (GCC 4.8.1)'),(192545,7,'s1221149',60,'TLE','C++11 (GCC 4.8.1)'),(192700,8,'ktrumpet',0,'WA','C++11 (GCC 4.8.1)'),(192831,8,'ktrumpet',20,'RE','C++11 (GCC 4.8.1)'),(192894,6,'poxoq',50,'TLE','Java (OpenJDK 1.7.0)'),(193901,6,'xyz',0,'WA','C++11 (GCC 4.8.1)'),(193902,6,'xyz',100,'AC','C++11 (GCC 4.8.1)'),(194719,169,'nagawa0980',100,'AC','C++ (G++ 4.6.4)'),(194734,170,'nagawa0980',100,'AC','C++ (G++ 4.6.4)'),(194746,165,'nagawa0980',100,'AC','C++ (G++ 4.6.4)'),(194764,166,'nagawa0980',100,'AC','C++ (G++ 4.6.4)'),(194933,163,'tibimosu',100,'AC','C++ (G++ 4.6.4)'),(194947,133,'nagawa0980',100,'AC','C++ (G++ 4.6.4)'),(195010,134,'nagawa0980',100,'AC','C++ (G++ 4.6.4)'),(200564,169,'goromisk',0,'WA','C++ (G++ 4.6.4)'),(200565,169,'goromisk',0,'WA','C (GCC 4.6.4)'),(200567,169,'toshikit',0,'WA','C (GCC 4.6.4)'),(200568,169,'toshikit',100,'AC','C (GCC 4.6.4)'),(200731,138,'nagawa0980',100,'AC','C++ (G++ 4.6.4)'),(201210,17,'tibimosu',100,'AC','C++ (G++ 4.6.4)'),(201215,17,'xyz',0,'WA','C++ (G++ 4.6.4)'),(201325,17,'s1222066',0,'WA','C++ (G++ 4.6.4)'),(201407,17,'s1222066',0,'WA','C++ (G++ 4.6.4)'),(201420,17,'xyz',100,'AC','C++ (G++ 4.6.4)'),(201709,17,'s1222066',NULL,'CE','Java (OpenJDK 1.7.0)'),(201716,17,'s1222066',NULL,'CE','Java (OpenJDK 1.7.0)'),(201730,17,'s1222066',0,'WA','Java (OpenJDK 1.7.0)'),(201756,17,'s1222066',100,'AC','Java (OpenJDK 1.7.0)'),(201791,18,'tibimosu',100,'AC','C++ (G++ 4.6.4)'),(201841,18,'xyz',100,'AC','C++ (G++ 4.6.4)'),(201987,19,'xyz',100,'AC','C++ (G++ 4.6.4)'),(202202,17,'igaxx',100,'AC','Ruby (1.9.3)'),(202208,17,'poxoq',100,'AC','Java (OpenJDK 1.7.0)'),(202328,18,'poxoq',100,'AC','Java (OpenJDK 1.7.0)'),(202350,17,'ktrumpet',100,'AC','Haskell (GHC 7.4.1)'),(202382,19,'tibimosu',100,'AC','C++ (G++ 4.6.4)'),(202418,18,'ktrumpet',100,'AC','Haskell (GHC 7.4.1)'),(202426,19,'poxoq',100,'AC','Java (OpenJDK 1.7.0)'),(202446,19,'ktrumpet',100,'AC','Haskell (GHC 7.4.1)'),(202513,20,'ktrumpet',100,'AC','C++11 (GCC 4.8.1)'),(203208,17,'s1221149',100,'AC','C++ (G++ 4.6.4)'),(203209,17,'s1221149',100,'AC','C++11 (GCC 4.8.1)'),(203210,18,'s1221149',100,'AC','C++11 (GCC 4.8.1)'),(203214,19,'s1221149',100,'AC','C++11 (GCC 4.8.1)'),(203215,20,'s1221149',100,'AC','C++11 (GCC 4.8.1)'),(203684,17,'s1421095',100,'AC','C (GCC 4.6.4)'),(203687,18,'toshikit',0,'WA','C (GCC 4.6.4)'),(203688,18,'toshikit',0,'WA','C (GCC 4.6.4)'),(203689,18,'s1421095',100,'AC','C (GCC 4.6.4)'),(203690,17,'toshikit',0,'WA','C (GCC 4.6.4)'),(203691,17,'toshikit',100,'AC','C (GCC 4.6.4)'),(203696,17,'toshikit',100,'AC','C (GCC 4.6.4)'),(203697,19,'s1421095',0,'WA','C (GCC 4.6.4)'),(203698,18,'toshikit',100,'AC','C (GCC 4.6.4)'),(203699,19,'s1421095',0,'WA','C (GCC 4.6.4)'),(203700,19,'s1421095',100,'AC','C (GCC 4.6.4)'),(203702,19,'toshikit',100,'AC','C (GCC 4.6.4)'),(203970,133,'s1421095',0,'WA','C (GCC 4.6.4)'),(203971,133,'s1421095',0,'WA','C (GCC 4.6.4)'),(203972,133,'s1421095',0,'WA','C (GCC 4.6.4)'),(203974,133,'s1421095',0,'WA','C (GCC 4.6.4)'),(204199,133,'s1421095',0,'WA','C (GCC 4.6.4)'),(204200,133,'s1421095',0,'WA','C (GCC 4.6.4)'),(204201,133,'s1421095',0,'WA','C (GCC 4.6.4)'),(204202,133,'s1421095',0,'WA','C (GCC 4.6.4)'),(204733,133,'s1421095',100,'AC','C (GCC 4.6.4)'),(205454,5,'igaxx',100,'AC','C++ (G++ 4.6.4)'),(205455,6,'igaxx',0,'WA','C++ (G++ 4.6.4)'),(205457,6,'igaxx',100,'AC','C++ (G++ 4.6.4)'),(205463,7,'igaxx',60,'WA','C++ (G++ 4.6.4)'),(205472,7,'igaxx',60,'WA','C++ (G++ 4.6.4)'),(205473,7,'igaxx',60,'WA','C++ (G++ 4.6.4)'),(205474,7,'igaxx',100,'AC','C++ (G++ 4.6.4)'),(206171,1,'ktrumpet',100,'AC','Haskell (GHC 7.4.1)'),(206266,1,'s1221149',100,'AC','C++ (G++ 4.6.4)'),(206275,1,'xyz',100,'AC','C++ (G++ 4.6.4)'),(206301,1,'toshikit',100,'AC','C (GCC 4.6.4)'),(206335,1,'tibimosu',100,'AC','C++ (G++ 4.6.4)'),(206390,1,'s1421095',0,'WA','C (GCC 4.6.4)'),(206434,1,'s1421095',100,'AC','C (GCC 4.6.4)'),(206534,2,'s1221149',30,'WA','C++ (G++ 4.6.4)'),(206694,2,'ktrumpet',100,'AC','C++11 (GCC 4.8.1)'),(206736,3,'s1221149',30,'TLE','C++ (G++ 4.6.4)'),(206866,3,'ktrumpet',100,'AC','C++11 (GCC 4.8.1)'),(206980,4,'s1221149',30,'WA','C++11 (GCC 4.8.1)'),(207081,2,'s1221149',30,'WA','C++11 (GCC 4.8.1)'),(207201,2,'s1221149',100,'AC','C++11 (GCC 4.8.1)'),(207373,3,'s1221149',100,'AC','C++11 (GCC 4.8.1)'),(207694,1,'poxoq',100,'AC','Java (OpenJDK 1.7.0)'),(207744,2,'tibimosu',30,'WA','C++ (G++ 4.6.4)'),(207819,2,'poxoq',0,'WA','Java (OpenJDK 1.7.0)'),(208470,2,'tibimosu',0,'WA','C++ (G++ 4.6.4)'),(208472,2,'tibimosu',0,'WA','C++ (G++ 4.6.4)'),(208477,2,'tibimosu',0,'WA','C++ (G++ 4.6.4)'),(208538,169,'s1421095',100,'AC','C (GCC 4.6.4)'),(208540,2,'tibimosu',0,'WA','C++ (G++ 4.6.4)'),(208564,2,'tibimosu',100,'AC','C++ (G++ 4.6.4)'),(209543,21,'ktrumpet',20,'AC','Haskell (GHC 7.4.1)'),(209580,21,'poxoq',20,'AC','Java (OpenJDK 1.7.0)'),(209611,21,'s1221149',20,'AC','C++11 (GCC 4.8.1)'),(209719,21,'tibimosu',20,'AC','C++ (G++ 4.6.4)'),(210128,22,'ktrumpet',0,'WA','C++11 (GCC 4.8.1)'),(210212,22,'s1221149',50,'AC','C++11 (GCC 4.8.1)'),(210242,22,'ktrumpet',50,'AC','C++11 (GCC 4.8.1)'),(210505,23,'s1221149',0,'WA','C++11 (GCC 4.8.1)'),(210530,23,'s1221149',0,'WA','C++11 (GCC 4.8.1)'),(210566,23,'ktrumpet',20,'TLE','C++11 (GCC 4.8.1)'),(210578,22,'poxoq',0,'WA','Java (OpenJDK 1.7.0)'),(210835,23,'s1221149',0,'WA','C++11 (GCC 4.8.1)'),(210849,23,'ktrumpet',50,'TLE','C++11 (GCC 4.8.1)'),(211004,23,'s1221149',0,'WA','C++11 (GCC 4.8.1)'),(212526,23,'ktrumpet',100,'AC','C++11 (GCC 4.8.1)'),(212642,170,'s1421095',0,'WA','C (GCC 4.6.4)'),(212645,170,'s1421095',100,'AC','C (GCC 4.6.4)'),(212956,165,'s1421095',0,'WA','C (GCC 4.6.4)'),(212957,165,'s1421095',0,'WA','C (GCC 4.6.4)'),(212958,165,'s1421095',100,'AC','C (GCC 4.6.4)'),(212959,166,'s1421095',100,'AC','C (GCC 4.6.4)'),(212964,167,'s1421095',0,'WA','C (GCC 4.6.4)'),(212965,167,'s1421095',0,'WA','C (GCC 4.6.4)'),(212966,167,'s1421095',0,'WA','C (GCC 4.6.4)'),(212976,161,'s1421095',100,'AC','C (GCC 4.6.4)'),(212986,157,'s1421095',100,'AC','C (GCC 4.6.4)'),(212993,153,'s1421095',100,'AC','C (GCC 4.6.4)'),(212998,154,'s1421095',100,'AC','C (GCC 4.6.4)'),(213000,149,'s1421095',100,'AC','C (GCC 4.6.4)'),(213003,150,'s1421095',100,'AC','C (GCC 4.6.4)'),(213061,145,'s1421095',100,'AC','C (GCC 4.6.4)'),(213064,91,'s1421095',0,'WA','C (GCC 4.6.4)'),(213065,91,'s1421095',100,'AC','C (GCC 4.6.4)'),(213067,141,'s1421095',0,'WA','C (GCC 4.6.4)'),(213068,141,'s1421095',0,'WA','C (GCC 4.6.4)'),(213069,141,'s1421095',0,'WA','C (GCC 4.6.4)'),(213070,141,'s1421095',100,'AC','C (GCC 4.6.4)'),(213222,137,'s1421095',0,'RE','C (GCC 4.6.4)'),(213223,137,'s1421095',0,'RE','C (GCC 4.6.4)'),(213224,137,'s1421095',0,'RE','C (GCC 4.6.4)'),(213226,137,'s1421095',100,'AC','C (GCC 4.6.4)'),(213573,26,'s1221149',100,'AC','C++11 (GCC 4.8.1)'),(213742,26,'ktrumpet',100,'AC','Haskell (GHC 7.4.1)'),(213745,26,'toshikit',100,'AC','C (GCC 4.6.4)'),(213746,27,'s1221149',100,'AC','C++11 (GCC 4.8.1)'),(213782,27,'ktrumpet',100,'AC','Haskell (GHC 7.4.1)'),(213886,27,'toshikit',0,'WA','C (GCC 4.6.4)'),(213909,27,'toshikit',0,'WA','C (GCC 4.6.4)'),(213951,26,'s1421095',100,'AC','C (GCC 4.6.4)'),(214068,28,'ktrumpet',101,'AC','C++11 (GCC 4.8.1)'),(214097,27,'toshikit',0,'WA','C (GCC 4.6.4)'),(214105,27,'toshikit',0,'WA','C (GCC 4.6.4)'),(214160,27,'toshikit',0,'WA','C (GCC 4.6.4)'),(214254,27,'toshikit',0,'WA','C (GCC 4.6.4)'),(214264,27,'toshikit',0,'WA','C (GCC 4.6.4)'),(214288,29,'ktrumpet',100,'AC','C++11 (GCC 4.8.1)'),(214352,27,'toshikit',0,'WA','C (GCC 4.6.4)'),(214438,27,'toshikit',0,'WA','C (GCC 4.6.4)'),(214445,27,'toshikit',0,'WA','C (GCC 4.6.4)'),(214482,27,'toshikit',0,'WA','C (GCC 4.6.4)'),(214548,27,'toshikit',0,'WA','C (GCC 4.6.4)'),(214576,28,'s1221149',101,'AC','C++11 (GCC 4.8.1)'),(214593,27,'toshikit',100,'AC','C (GCC 4.6.4)'),(214637,27,'s1421095',0,'WA','C (GCC 4.6.4)'),(214638,27,'s1421095',0,'WA','C (GCC 4.6.4)'),(214656,27,'s1421095',0,'WA','C (GCC 4.6.4)'),(214681,27,'s1421095',0,'WA','C (GCC 4.6.4)'),(214733,27,'s1421095',0,'WA','C (GCC 4.6.4)'),(214752,27,'s1421095',0,'WA','C (GCC 4.6.4)'),(214760,27,'s1421095',0,'WA','C (GCC 4.6.4)'),(214770,27,'s1421095',0,'WA','C (GCC 4.6.4)'),(214783,27,'s1421095',100,'AC','C (GCC 4.6.4)'),(214873,26,'nagawa0980',0,'WA','C++ (G++ 4.6.4)'),(214875,26,'nagawa0980',0,'WA','C++ (GCC 4.4.7)'),(214883,26,'nagawa0980',100,'AC','C++ (G++ 4.6.4)'),(214948,27,'nagawa0980',0,'WA','C++ (G++ 4.6.4)'),(214951,27,'nagawa0980',0,'WA','C++ (G++ 4.6.4)'),(214964,27,'nagawa0980',100,'AC','C++ (G++ 4.6.4)'),(215422,26,'tibimosu',100,'AC','C++ (G++ 4.6.4)'),(215427,27,'tibimosu',0,'WA','C++ (G++ 4.6.4)'),(215430,27,'tibimosu',0,'WA','C++ (G++ 4.6.4)'),(215434,27,'tibimosu',0,'WA','C++ (G++ 4.6.4)'),(215436,27,'tibimosu',100,'AC','C++ (G++ 4.6.4)'),(215695,26,'s1421095',100,'AC','C++ (G++ 4.6.4)'),(215722,17,'s1421095',100,'AC','C++ (G++ 4.6.4)'),(215723,18,'s1421095',100,'AC','C++ (G++ 4.6.4)'),(215733,19,'s1421095',100,'AC','C++ (G++ 4.6.4)'),(215742,134,'s1421095',100,'AC','C++ (G++ 4.6.4)'),(215774,135,'s1421095',100,'AC','C++ (G++ 4.6.4)'),(215885,1,'s1421095',100,'AC','C++ (G++ 4.6.4)'),(216078,30,'ktrumpet',100,'AC','C++11 (GCC 4.8.1)'),(216080,30,'s1221149',100,'AC','C++11 (GCC 4.8.1)'),(216117,30,'igaxx',NULL,'CE','C++ (G++ 4.6.4)'),(216129,30,'igaxx',100,'AC','C++ (G++ 4.6.4)'),(216377,31,'ktrumpet',100,'AC','C++11 (GCC 4.8.1)'),(216417,31,'igaxx',100,'AC','C++ (G++ 4.6.4)'),(216438,31,'s1221149',100,'AC','C++11 (GCC 4.8.1)'),(216907,32,'igaxx',0,'WA','C++ (G++ 4.6.4)'),(216950,32,'igaxx',0,'WA','C++ (G++ 4.6.4)'),(216982,32,'igaxx',100,'AC','C++ (G++ 4.6.4)'),(217030,32,'s1221149',100,'AC','C++11 (GCC 4.8.1)'),(217144,33,'igaxx',0,'WA','C++ (G++ 4.6.4)'),(217299,33,'igaxx',0,'WA','C++ (G++ 4.6.4)'),(217305,33,'igaxx',0,'WA','C++ (G++ 4.6.4)'),(217306,32,'ktrumpet',100,'AC','C++11 (GCC 4.8.1)'),(217473,33,'ktrumpet',0,'WA','C++11 (GCC 4.8.1)'),(217505,33,'igaxx',0,'WA','C++ (G++ 4.6.4)'),(217524,33,'igaxx',0,'WA','C++ (G++ 4.6.4)'),(218587,34,'poxoq',20,'AC','Java (OpenJDK 1.7.0)'),(218705,34,'s1221149',20,'AC','C++11 (GCC 4.8.1)'),(218723,34,'ktrumpet',20,'AC','C++11 (GCC 4.8.1)'),(218762,34,'s1222066',0,'WA','C++ (G++ 4.6.4)'),(218878,34,'daijiken',0,'WA','C++ (G++ 4.6.4)'),(218884,35,'ktrumpet',60,'AC','C++11 (GCC 4.8.1)'),(218891,34,'s1222066',20,'AC','C++ (G++ 4.6.4)'),(218976,34,'tibimosu',0,'WA','C++ (G++ 4.6.4)'),(218981,35,'s1221149',60,'AC','C++11 (GCC 4.8.1)'),(219023,34,'tibimosu',0,'WA','C++ (G++ 4.6.4)'),(219048,34,'daijiken',20,'AC','C++ (G++ 4.6.4)'),(219139,34,'tibimosu',20,'AC','C++ (G++ 4.6.4)'),(219355,36,'s1221149',0,'WA','C++11 (GCC 4.8.1)'),(219365,36,'s1221149',0,'WA','C++11 (GCC 4.8.1)'),(219389,36,'s1221149',80,'AC','C++11 (GCC 4.8.1)'),(219593,35,'poxoq',0,'TLE','Java (OpenJDK 1.7.0)'),(221016,39,'ktrumpet',100,'AC','Haskell (GHC 7.4.1)'),(221197,40,'ktrumpet',100,'AC','C++11 (GCC 4.8.1)'),(221713,41,'ktrumpet',0,'WA','C++11 (GCC 4.8.1)'),(221803,41,'ktrumpet',100,'AC','C++11 (GCC 4.8.1)'),(221982,42,'ktrumpet',100,'AC','C++11 (GCC 4.8.1)'),(222134,39,'xyz',100,'AC','C++ (G++ 4.6.4)'),(222672,39,'poxoq',100,'AC','Java (OpenJDK 1.7.0)'),(222691,40,'poxoq',NULL,'CE','Java (OpenJDK 1.7.0)'),(222692,40,'poxoq',0,'WA','Java (OpenJDK 1.7.0)'),(222727,40,'poxoq',NULL,'CE','Java (OpenJDK 1.7.0)'),(222728,40,'poxoq',100,'AC','Java (OpenJDK 1.7.0)'),(222866,39,'s1221149',100,'AC','C++11 (GCC 4.8.1)'),(222867,40,'s1221149',100,'AC','C++11 (GCC 4.8.1)'),(223157,170,'poxoq',0,'WA','Java (OpenJDK 1.7.0)'),(223158,170,'poxoq',0,'WA','Java (OpenJDK 1.7.0)'),(223159,170,'poxoq',100,'AC','Java (OpenJDK 1.7.0)'),(223160,171,'poxoq',0,'WA','Java (OpenJDK 1.7.0)'),(223161,171,'poxoq',0,'WA','Java (OpenJDK 1.7.0)'),(223447,43,'igaxx',100,'AC','C++ (G++ 4.6.4)'),(223502,43,'ktrumpet',100,'AC','Haskell (GHC 7.4.1)'),(223509,43,'s1221149',100,'AC','C++11 (GCC 4.8.1)'),(223532,43,'poxoq',100,'AC','Java (OpenJDK 1.7.0)'),(223539,43,'tibimosu',100,'AC','C++ (G++ 4.6.4)'),(223554,43,'xyz',100,'AC','C++ (G++ 4.6.4)'),(223580,43,'s1222066',100,'AC','C++ (G++ 4.6.4)'),(223680,43,'s1421095',100,'AC','C++ (G++ 4.6.4)'),(223737,44,'s1221149',40,'TLE','C++11 (GCC 4.8.1)'),(223794,44,'ktrumpet',100,'AC','C++11 (GCC 4.8.1)'),(223810,44,'igaxx',100,'AC','C++ (G++ 4.6.4)'),(223933,44,'tibimosu',40,'TLE','C++ (G++ 4.6.4)'),(223980,44,'s1222066',40,'TLE','C++ (G++ 4.6.4)'),(223996,45,'igaxx',30,'TLE','C++ (G++ 4.6.4)'),(224025,45,'igaxx',30,'TLE','C++ (G++ 4.6.4)'),(224055,45,'ktrumpet',100,'AC','C++11 (GCC 4.8.1)'),(224074,44,'poxoq',40,'TLE','Java (OpenJDK 1.7.0)'),(224101,44,'xyz',0,'WA','C++11 (GCC 4.8.1)'),(224108,45,'igaxx',30,'TLE','C++ (G++ 4.6.4)'),(224128,45,'s1221149',30,'TLE','C++11 (GCC 4.8.1)'),(224130,43,'toshikit',0,'WA','C (GCC 4.6.4)'),(224226,46,'ktrumpet',0,'WA','C++11 (GCC 4.8.1)'),(224275,45,'igaxx',NULL,'CE','C++ (G++ 4.6.4)'),(224280,45,'igaxx',30,'TLE','C++ (G++ 4.6.4)'),(224283,46,'ktrumpet',10,'RE','C++11 (GCC 4.8.1)'),(224359,44,'s1222066',40,'TLE','C++ (G++ 4.6.4)'),(224365,46,'s1221149',10,'TLE','C++11 (GCC 4.8.1)'),(224405,45,'igaxx',0,'WA','C++ (G++ 4.6.4)'),(224432,44,'s1222066',NULL,'CE','C++ (G++ 4.6.4)'),(224552,169,'poxoq',100,'AC','C (GCC 4.6.4)'),(224592,165,'poxoq',100,'AC','C (GCC 4.6.4)'),(224651,44,'s1221149',100,'AC','C++11 (GCC 4.8.1)'),(224853,46,'ktrumpet',80,'TLE','C++11 (GCC 4.8.1)'),(224856,46,'ktrumpet',100,'AC','C++11 (GCC 4.8.1)'),(225518,26,'poxoq',0,'WA','C (GCC 4.6.4)'),(225519,26,'poxoq',0,'WA','C (GCC 4.6.4)'),(225522,26,'poxoq',0,'WA','C (GCC 4.6.4)'),(225524,26,'poxoq',100,'AC','C (GCC 4.6.4)'),(227482,27,'poxoq',100,'AC','C++ (G++ 4.6.4)'),(227493,30,'poxoq',0,'WA','C++ (G++ 4.6.4)'),(228067,6,'s1421095',0,'WA','C++ (G++ 4.6.4)'),(228068,6,'s1421095',0,'WA','C++ (G++ 4.6.4)'),(228069,6,'s1421095',100,'AC','C++ (G++ 4.6.4)'),(228112,44,'tibimosu',NULL,'CE','C++ (G++ 4.6.4)'),(228115,44,'tibimosu',0,'WA','C++ (G++ 4.6.4)'),(228137,44,'tibimosu',100,'AC','C++ (G++ 4.6.4)'),(228152,6,'s1421095',0,'WA','C++ (G++ 4.6.4)'),(228153,6,'s1421095',100,'AC','C++ (G++ 4.6.4)'),(228490,77,'ktrumpet',100,'AC','C++11 (GCC 4.8.1)'),(228496,169,'kanakana',0,'WA','C++ (G++ 4.6.4)'),(228497,169,'kanakana',100,'AC','C++ (G++ 4.6.4)'),(228527,142,'aoki0207',100,'AC','C++ (G++ 4.6.4)'),(228531,19,'aoki0207',NULL,'CE','C++ (G++ 4.6.4)'),(228532,19,'aoki0207',0,'WA','C++ (G++ 4.6.4)'),(228533,19,'aoki0207',NULL,'CE','C++ (G++ 4.6.4)'),(228534,17,'aoki0207',0,'WA','C++ (G++ 4.6.4)'),(228535,19,'aoki0207',0,'WA','C++ (G++ 4.6.4)'),(228536,19,'aoki0207',0,'WA','C++ (G++ 4.6.4)'),(228537,19,'aoki0207',100,'AC','C++ (G++ 4.6.4)'),(228585,20,'poxoq',0,'TLE','Java (OpenJDK 1.7.0)'),(228823,26,'igaxx',100,'AC','Python (2.7.3)'),(228831,27,'igaxx',100,'AC','Python (2.7.3)'),(229059,28,'igaxx',0,'WA','Python (2.7.3)'),(229063,28,'igaxx',10,'WA','Python (2.7.3)'),(229064,28,'igaxx',NULL,'90/103','Python (2.7.3)'),(229065,28,'igaxx',101,'AC','Python (2.7.3)'),(229098,20,'poxoq',0,'TLE','Java (OpenJDK 1.7.0)'),(229104,20,'poxoq',NULL,'CE','Java (OpenJDK 1.7.0)'),(229111,20,'poxoq',0,'TLE','Java (OpenJDK 1.7.0)'),(229152,20,'poxoq',0,'WA','Java (OpenJDK 1.7.0)'),(229157,20,'poxoq',100,'AC','Java (OpenJDK 1.7.0)'),(229202,20,'poxoq',0,'WA','Java (OpenJDK 1.7.0)'),(229402,47,'poxoq',100,'AC','Java (OpenJDK 1.7.0)'),(229429,47,'igaxx',100,'AC','Python (2.7.3)'),(229472,47,'ktrumpet',100,'AC','Haskell (GHC 7.4.1)'),(229584,48,'ktrumpet',100,'AC','C++11 (GCC 4.8.1)'),(229637,49,'ktrumpet',100,'AC','C++11 (GCC 4.8.1)'),(229664,48,'igaxx',100,'AC','Python (2.7.3)'),(229752,49,'poxoq',0,'TLE','Java (OpenJDK 1.7.0)'),(229775,27,'igaxx',0,'RE','Python (2.7.3)'),(229842,27,'igaxx',0,'RE','Python (2.7.3)'),(229864,27,'igaxx',0,'RE','Python (2.7.3)'),(229875,47,'tibimosu',0,'WA','C++ (G++ 4.6.4)'),(229926,48,'poxoq',100,'AC','Java (OpenJDK 1.7.0)'),(230046,47,'tibimosu',100,'AC','C++ (G++ 4.6.4)'),(230105,49,'poxoq',30,'TLE','C++ (G++ 4.6.4)'),(230123,50,'ktrumpet',100,'AC','C++11 (GCC 4.8.1)'),(230190,49,'igaxx',100,'AC','Python (2.7.3)'),(230552,47,'nagawa0980',0,'WA','C++ (G++ 4.6.4)'),(230598,47,'nagawa0980',0,'WA','C++ (G++ 4.6.4)'),(230610,50,'poxoq',0,'TLE','Java (OpenJDK 1.7.0)'),(230612,47,'nagawa0980',0,'WA','C++ (G++ 4.6.4)'),(230635,47,'nagawa0980',100,'AC','C++ (G++ 4.6.4)'),(230691,50,'poxoq',0,'MLE','Java (OpenJDK 1.7.0)'),(230714,50,'poxoq',0,'MLE','Java (OpenJDK 1.7.0)'),(230831,49,'poxoq',100,'AC','Java (OpenJDK 1.7.0)'),(230846,47,'poxoq',100,'AC','C (GCC 4.6.4)'),(230896,47,'ktrumpet',0,'RE','C (GCC 4.6.4)'),(230898,47,'ktrumpet',NULL,'CE','C (GCC 4.6.4)'),(230902,47,'ktrumpet',0,'RE','C (GCC 4.6.4)'),(230904,47,'ktrumpet',0,'RE','C (GCC 4.6.4)'),(230924,47,'ktrumpet',0,'WA','C (GCC 4.6.4)'),(230927,47,'ktrumpet',100,'AC','C (GCC 4.6.4)'),(230935,47,'ktrumpet',100,'AC','C (GCC 4.6.4)'),(230984,47,'ktrumpet',100,'AC','C (GCC 4.6.4)'),(230989,47,'ktrumpet',100,'AC','C (GCC 4.6.4)'),(231119,48,'ktrumpet',100,'AC','C (GCC 4.6.4)'),(232866,47,'s1421095',100,'AC','C++ (G++ 4.6.4)'),(233015,47,'nagawa0980',0,'WA','C++ (G++ 4.6.4)'),(233016,48,'nagawa0980',100,'AC','C++ (G++ 4.6.4)'),(233017,48,'nagawa0980',100,'AC','C++ (G++ 4.6.4)'),(233128,135,'litchi0503',0,'WA','C++ (G++ 4.6.4)'),(233129,135,'litchi0503',100,'AC','C++ (G++ 4.6.4)'),(233170,191,'s1421095',0,'WA','C++ (G++ 4.6.4)'),(233172,163,'kanakana',100,'AC','C++ (G++ 4.6.4)'),(233920,47,'igaxx',100,'AC','C++ (G++ 4.6.4)'),(233921,47,'igaxx',0,'WA','PHP (PHP 5.3.10)'),(233924,47,'igaxx',100,'AC','PHP (PHP 5.3.10)'),(233938,47,'igaxx',NULL,'CE','C (GCC 4.6.4)'),(233939,47,'igaxx',0,'RE','C (GCC 4.6.4)'),(233940,47,'igaxx',0,'WA','C (GCC 4.6.4)'),(233941,47,'igaxx',0,'WA','C (GCC 4.6.4)'),(233942,145,'igaxx',100,'AC','C (GCC 4.6.4)'),(233943,145,'igaxx',100,'AC','C (GCC 4.6.4)'),(233944,145,'igaxx',100,'AC','C (GCC 4.6.4)'),(233945,145,'igaxx',100,'AC','C (GCC 4.6.4)'),(233947,47,'igaxx',NULL,'CE','C (GCC 4.6.4)'),(233949,191,'s1421095',0,'WA','C++ (G++ 4.6.4)'),(233968,149,'goromisk',100,'AC','C++ (G++ 4.6.4)'),(233988,151,'goromisk',10,'TLE','C++ (G++ 4.6.4)'),(234003,191,'s1421095',0,'WA','C++ (G++ 4.6.4)'),(234015,191,'s1421095',100,'AC','C++ (G++ 4.6.4)'),(234030,19,'aoki0207',NULL,'CE','C++ (G++ 4.6.4)'),(234031,17,'aoki0207',0,'WA','C++ (G++ 4.6.4)'),(234032,19,'aoki0207',100,'AC','C++ (G++ 4.6.4)'),(234073,191,'s1421095',100,'AC','C++ (G++ 4.6.4)'),(234194,19,'goromisk',100,'AC','C++ (G++ 4.6.4)'),(234196,163,'kanakana',100,'AC','C++ (G++ 4.6.4)'),(234406,50,'ktrumpet',0,'WA','C++11 (GCC 4.8.1)'),(234672,51,'s1221149',100,'AC','C++11 (GCC 4.8.1)'),(234682,51,'igaxx',100,'AC','C++ (G++ 4.6.4)'),(234750,51,'poxoq',100,'AC','Java (OpenJDK 1.7.0)'),(234841,51,'xyz',100,'AC','C++ (G++ 4.6.4)'),(234850,51,'toshikit',100,'AC','C (GCC 4.6.4)'),(234881,51,'tibimosu',100,'AC','C++ (G++ 4.6.4)'),(234894,51,'ktrumpet',0,'WA','Ruby (1.9.3)'),(234957,51,'s1421095',100,'AC','C++ (G++ 4.6.4)'),(235035,51,'ktrumpet',0,'WA','Ruby (1.9.3)'),(235077,52,'s1221149',100,'AC','C++11 (GCC 4.8.1)'),(235119,52,'igaxx',100,'AC','C++ (G++ 4.6.4)'),(235205,51,'ktrumpet',100,'AC','C++11 (GCC 4.8.1)'),(235345,52,'ktrumpet',100,'AC','C++11 (GCC 4.8.1)'),(235503,52,'poxoq',100,'AC','Java (OpenJDK 1.7.0)'),(235539,53,'s1221149',100,'AC','C++11 (GCC 4.8.1)'),(235561,53,'igaxx',0,'WA','C++ (G++ 4.6.4)'),(235565,52,'tibimosu',100,'AC','C++ (G++ 4.6.4)'),(235592,53,'ktrumpet',100,'AC','C++11 (GCC 4.8.1)'),(235678,53,'igaxx',100,'AC','C++ (G++ 4.6.4)'),(235735,53,'xyz',25,'TLE','C++ (G++ 4.6.4)'),(235864,53,'poxoq',25,'TLE','Java (OpenJDK 1.7.0)'),(235942,54,'igaxx',0,'WA','C++ (G++ 4.6.4)'),(236025,54,'igaxx',30,'WA','C++ (G++ 4.6.4)'),(236046,53,'xyz',0,'WA','C++ (G++ 4.6.4)'),(236091,53,'s1421095',25,'TLE','C++ (G++ 4.6.4)'),(236332,52,'xyz',0,'WA','C++ (G++ 4.6.4)'),(236344,53,'s1421095',25,'WA','C++ (G++ 4.6.4)'),(236379,53,'poxoq',25,'TLE','Java (OpenJDK 1.7.0)'),(236405,54,'s1221149',0,'WA','C++11 (GCC 4.8.1)'),(236427,54,'s1221149',0,'WA','C++11 (GCC 4.8.1)'),(236428,52,'xyz',0,'WA','C++ (G++ 4.6.4)'),(236503,52,'xyz',100,'AC','C++ (G++ 4.6.4)'),(236593,53,'poxoq',25,'TLE','C++11 (GCC 4.8.1)'),(236634,53,'tibimosu',100,'AC','C++ (G++ 4.6.4)'),(236871,53,'xyz',25,'TLE','C++ (G++ 4.6.4)'),(236904,53,'poxoq',25,'TLE','C++11 (GCC 4.8.1)'),(236987,54,'ktrumpet',NULL,'CE','C++11 (GCC 4.8.1)'),(237035,54,'ktrumpet',30,'RE','C++11 (GCC 4.8.1)'),(237129,53,'poxoq',0,'WA','Java (OpenJDK 1.7.0)'),(237139,53,'toshikit',0,'WA','C (GCC 4.6.4)'),(237158,53,'poxoq',100,'AC','Java (OpenJDK 1.7.0)'),(237234,53,'xyz',0,'WA','C++ (G++ 4.6.4)'),(237255,53,'toshikit',0,'WA','C (GCC 4.6.4)'),(237256,53,'s1421095',25,'TLE','C++ (G++ 4.6.4)'),(237271,53,'toshikit',0,'WA','C (GCC 4.6.4)'),(237324,54,'igaxx',0,'WA','C++ (G++ 4.6.4)'),(237379,54,'poxoq',0,'WA','Java (OpenJDK 1.7.0)'),(237432,53,'xyz',100,'AC','C++ (G++ 4.6.4)'),(237610,54,'poxoq',30,'TLE','Java (OpenJDK 1.7.0)'),(237630,54,'s1221149',0,'WA','C++11 (GCC 4.8.1)'),(237666,54,'s1221149',0,'WA','C++11 (GCC 4.8.1)'),(237749,54,'s1221149',30,'WA','C++11 (GCC 4.8.1)'),(237783,54,'ktrumpet',100,'AC','C++11 (GCC 4.8.1)'),(237855,52,'s1421095',30,'TLE','C++ (G++ 4.6.4)'),(237961,54,'s1221149',100,'AC','C++11 (GCC 4.8.1)'),(239511,51,'igaxx',NULL,'CE','C++ (G++ 4.6.4)'),(239512,51,'igaxx',100,'AC','Python (2.7.3)'),(239513,50,'ktrumpet',0,'WA','C++11 (GCC 4.8.1)'),(239514,52,'igaxx',0,'WA','Python (2.7.3)'),(239515,52,'igaxx',100,'AC','Python (2.7.3)'),(239516,50,'ktrumpet',100,'AC','C++11 (GCC 4.8.1)'),(239518,53,'igaxx',100,'AC','Python (2.7.3)'),(239519,52,'toshikit',0,'RE','C (GCC 4.6.4)'),(239520,52,'toshikit',100,'AC','C (GCC 4.6.4)'),(240330,166,'aoki0207',0,'WA','C++ (G++ 4.6.4)'),(240332,166,'aoki0207',100,'AC','C++ (G++ 4.6.4)'),(241202,55,'ktrumpet',100,'AC','C++11 (GCC 4.8.1)'),(241241,55,'igaxx',100,'AC','C++ (G++ 4.6.4)'),(241313,55,'s1421095',0,'WA','C++ (G++ 4.6.4)'),(241332,55,'s1421095',0,'WA','C++ (G++ 4.6.4)'),(241349,55,'s1421095',0,'WA','C++ (G++ 4.6.4)'),(241367,55,'s1221149',NULL,'CE','C++ (G++ 4.6.4)'),(241370,55,'s1221149',100,'AC','C++11 (GCC 4.8.1)'),(241376,55,'xyz',0,'WA','C++ (G++ 4.6.4)'),(241377,56,'ktrumpet',0,'WA','C++11 (GCC 4.8.1)'),(241428,55,'xyz',0,'WA','C++ (G++ 4.6.4)'),(241498,56,'ktrumpet',0,'WA','C++11 (GCC 4.8.1)'),(241521,56,'ktrumpet',0,'WA','C++11 (GCC 4.8.1)'),(241558,56,'ktrumpet',0,'TLE','C++11 (GCC 4.8.1)'),(241583,56,'s1221149',0,'WA','C++11 (GCC 4.8.1)'),(241624,56,'ktrumpet',0,'TLE','C++11 (GCC 4.8.1)'),(241693,56,'ktrumpet',0,'WA','C++11 (GCC 4.8.1)'),(241713,55,'xyz',0,'WA','C++ (G++ 4.6.4)'),(241714,56,'ktrumpet',0,'WA','C++11 (GCC 4.8.1)'),(241759,56,'s1221149',0,'WA','C++11 (GCC 4.8.1)'),(241791,56,'s1221149',0,'WA','C++11 (GCC 4.8.1)'),(241794,55,'xyz',0,'WA','C++ (G++ 4.6.4)'),(241820,57,'ktrumpet',100,'AC','C++11 (GCC 4.8.1)'),(241849,56,'igaxx',0,'WA','C++ (G++ 4.6.4)'),(241852,55,'xyz',0,'WA','C++ (G++ 4.6.4)'),(241891,55,'xyz',0,'WA','C++ (G++ 4.6.4)'),(241896,56,'ktrumpet',0,'WA','C++11 (GCC 4.8.1)'),(241920,56,'ktrumpet',0,'WA','C++11 (GCC 4.8.1)'),(241950,56,'ktrumpet',0,'WA','C++11 (GCC 4.8.1)'),(242073,56,'s1221149',0,'WA','C++11 (GCC 4.8.1)'),(242091,56,'s1221149',0,'WA','C++11 (GCC 4.8.1)'),(242096,56,'igaxx',0,'WA','C++ (G++ 4.6.4)'),(242099,56,'s1221149',0,'WA','C++11 (GCC 4.8.1)'),(242149,56,'ktrumpet',100,'AC','C++11 (GCC 4.8.1)'),(242174,55,'tibimosu',100,'AC','C++ (G++ 4.6.4)'),(242209,56,'s1221149',0,'WA','C++11 (GCC 4.8.1)'),(242241,56,'s1221149',0,'WA','C++11 (GCC 4.8.1)'),(242251,56,'s1221149',0,'WA','C++11 (GCC 4.8.1)'),(242298,56,'s1221149',0,'WA','C++11 (GCC 4.8.1)'),(242355,56,'s1221149',0,'WA','C++11 (GCC 4.8.1)'),(242396,56,'tibimosu',0,'WA','C++ (G++ 4.6.4)'),(242975,56,'s1221149',0,'WA','C++11 (GCC 4.8.1)'),(242979,56,'s1221149',0,'WA','C++11 (GCC 4.8.1)'),(242981,56,'s1221149',0,'WA','C++11 (GCC 4.8.1)'),(242986,56,'s1221149',0,'WA','C++11 (GCC 4.8.1)'),(243007,56,'s1221149',0,'WA','C++11 (GCC 4.8.1)'),(243008,56,'s1221149',0,'WA','C++11 (GCC 4.8.1)'),(243009,56,'s1221149',0,'WA','C++11 (GCC 4.8.1)'),(243010,56,'s1221149',0,'WA','C++11 (GCC 4.8.1)'),(243217,56,'s1221149',0,'WA','C++11 (GCC 4.8.1)'),(243219,56,'s1221149',0,'WA','C++11 (GCC 4.8.1)'),(243800,30,'poxoq',100,'AC','C (GCC 4.6.4)'),(243803,30,'poxoq',0,'RE','C (GCC 4.6.4)'),(243804,30,'poxoq',100,'AC','C (GCC 4.6.4)'),(243805,30,'poxoq',0,'RE','C (GCC 4.6.4)'),(243810,30,'ktrumpet',0,'RE','C (GCC 4.6.4)'),(243812,30,'ktrumpet',0,'RE','C (GCC 4.6.4)'),(243815,31,'poxoq',100,'AC','C (GCC 4.6.4)'),(243817,30,'ktrumpet',0,'RE','C (GCC 4.6.4)'),(243818,30,'ktrumpet',100,'AC','C (GCC 4.6.4)'),(243830,5,'poxoq',NULL,'CE','C++ (G++ 4.6.4)'),(244117,33,'ktrumpet',0,'WA','C++11 (GCC 4.8.1)'),(244297,59,'ktrumpet',100,'AC','C++11 (GCC 4.8.1)'),(244327,59,'s1221149',100,'AC','C++11 (GCC 4.8.1)'),(244416,60,'ktrumpet',100,'AC','C++11 (GCC 4.8.1)'),(244424,60,'s1221149',100,'AC','C++11 (GCC 4.8.1)'),(244551,61,'s1221149',100,'AC','C++11 (GCC 4.8.1)'),(244576,61,'ktrumpet',100,'AC','C++11 (GCC 4.8.1)'),(244825,62,'ktrumpet',100,'AC','C++11 (GCC 4.8.1)'),(244826,62,'s1221149',0,'MLE','C++11 (GCC 4.8.1)'),(244909,64,'ktrumpet',0,'WA','Text (cat)'),(244955,64,'ktrumpet',100,'AC','Text (cat)'),(245130,62,'s1221149',0,'WA','C++11 (GCC 4.8.1)'),(245345,65,'s1221149',30,'TLE','C++11 (GCC 4.8.1)'),(245387,66,'ktrumpet',10,'RE','C++11 (GCC 4.8.1)'),(245404,66,'s1221149',10,'TLE','C++11 (GCC 4.8.1)'),(246669,10,'s1221149',0,'WA','C++ (G++ 4.6.4)'),(246678,80,'s1221149',0,'TLE','C++11 (GCC 4.8.1)'),(246681,80,'s1221149',100,'AC','C++11 (GCC 4.8.1)'),(246683,88,'s1221149',NULL,'CE','C++ (G++ 4.6.4)'),(246817,55,'tibimosu',100,'AC','C++ (G++ 4.6.4)'),(246825,55,'poxoq',0,'WA','Java (OpenJDK 1.7.0)'),(246826,55,'kanakana',100,'AC','C++ (G++ 4.6.4)'),(246829,55,'poxoq',0,'WA','Java (OpenJDK 1.7.0)'),(246830,55,'poxoq',100,'AC','Java (OpenJDK 1.7.0)'),(246864,62,'ktrumpet',0,'WA','C++11 (GCC 4.8.1)'),(246867,62,'ktrumpet',100,'AC','C++11 (GCC 4.8.1)'),(247175,49,'ktrumpet',0,'WA','C (GCC 4.6.4)'),(247176,49,'ktrumpet',100,'AC','C (GCC 4.6.4)'),(247177,49,'ktrumpet',NULL,'CE','C (GCC 4.6.4)'),(247178,49,'ktrumpet',100,'AC','C (GCC 4.6.4)'),(248293,65,'ktrumpet',0,'WA','C++11 (GCC 4.8.1)'),(248297,65,'ktrumpet',30,'WA','C++11 (GCC 4.8.1)'),(255961,95,'poxoq',100,'AC','Java (OpenJDK 1.7.0)'),(256089,95,'toshikit',NULL,'CE','C (GCC 4.6.4)'),(256104,95,'tibimosu',100,'AC','C++ (G++ 4.6.4)'),(256182,95,'xyz',100,'AC','C++11 (GCC 4.8.1)'),(256205,95,'s1421095',100,'AC','C++ (G++ 4.6.4)'),(256311,96,'poxoq',100,'AC','Java (OpenJDK 1.7.0)'),(256323,95,'toshikit',100,'AC','C (GCC 4.6.4)'),(256468,96,'xyz',100,'AC','C++11 (GCC 4.8.1)'),(256568,95,'s1221149',100,'AC','C++ (G++ 4.6.4)'),(256712,96,'s1421095',100,'WA','C++ (G++ 4.6.4)'),(256720,96,'s1221149',100,'AC','C++11 (GCC 4.8.1)'),(256795,96,'tibimosu',100,'AC','C++ (G++ 4.6.4)'),(256798,98,'poxoq',30,'TLE','Java (OpenJDK 1.7.0)'),(256826,96,'s1421095',100,'AC','C++ (G++ 4.6.4)'),(257130,96,'toshikit',0,'WA','C (GCC 4.6.4)'),(257475,95,'nagawa0980',100,'AC','C++ (G++ 4.6.4)'),(257585,96,'toshikit',0,'WA','C (GCC 4.6.4)'),(257643,98,'ktrumpet',100,'AC','C++11 (GCC 4.8.1)'),(257674,96,'toshikit',100,'WA','C (GCC 4.6.4)'),(257843,96,'nagawa0980',100,'AC','C++ (G++ 4.6.4)'),(258178,97,'ktrumpet',100,'AC','C++11 (GCC 4.8.1)'),(258275,96,'ktrumpet',100,'AC','C++11 (GCC 4.8.1)'),(258297,98,'xyz',30,'TLE','C++11 (GCC 4.8.1)'),(258315,95,'ktrumpet',100,'AC','Haskell (GHC 7.4.1)'),(258663,97,'nagawa0980',0,'WA','C++ (G++ 4.6.4)'),(258820,97,'nagawa0980',0,'WA','C++ (G++ 4.6.4)'),(258959,97,'poxoq',0,'WA','Java (OpenJDK 1.7.0)'),(259101,97,'poxoq',0,'WA','Java (OpenJDK 1.7.0)'),(259121,97,'poxoq',0,'WA','Java (OpenJDK 1.7.0)'),(259666,98,'ktrumpet',0,'WA','C++11 (GCC 4.8.1)'),(259680,98,'ktrumpet',0,'WA','C++11 (GCC 4.8.1)'),(259685,98,'ktrumpet',100,'AC','C++11 (GCC 4.8.1)'),(260982,98,'ktrumpet',100,'AC','C++11 (GCC 4.8.1)'),(268549,95,'igaxx',100,'AC','C++ (G++ 4.6.4)'),(268551,96,'igaxx',100,'AC','C++ (G++ 4.6.4)'),(268569,97,'igaxx',0,'WA','C++ (G++ 4.6.4)'),(272659,103,'s1421095',100,'AC','C++ (G++ 4.6.4)'),(272669,104,'s1421095',0,'WA','C++ (G++ 4.6.4)'),(272670,104,'s1421095',0,'WA','C++ (G++ 4.6.4)'),(272672,104,'s1421095',0,'WA','C++ (G++ 4.6.4)'),(272674,104,'s1421095',100,'AC','C++ (G++ 4.6.4)'),(275095,106,'s1421095',100,'AC','C++ (G++ 4.6.4)'),(275330,105,'s1421095',100,'AC','C++ (G++ 4.6.4)'),(276879,106,'tibimosu',100,'AC','C++ (G++ 4.6.4)'),(281270,99,'poxoq',100,'AC','Java (OpenJDK 1.7.0)'),(281298,99,'xyz',100,'AC','C++11 (GCC 4.8.1)'),(281322,99,'ktrumpet',100,'AC','Haskell (GHC 7.4.1)'),(281350,99,'s1221149',NULL,'CE','C++11 (GCC 4.8.1)'),(281363,99,'toshikit',100,'AC','C (GCC 4.6.4)'),(281399,99,'tibimosu',100,'AC','C++ (G++ 4.6.4)'),(281402,99,'s1421095',100,'AC','C++ (G++ 4.6.4)'),(281420,99,'s1221149',0,'WA','C++11 (GCC 4.8.1)'),(281427,100,'xyz',0,'WA','C++11 (GCC 4.8.1)'),(281441,99,'nagawa0980',100,'AC','C++ (G++ 4.6.4)'),(281474,99,'s1221149',100,'AC','C++11 (GCC 4.8.1)'),(281497,100,'ktrumpet',100,'AC','Haskell (GHC 7.4.1)'),(281515,100,'poxoq',100,'AC','Java (OpenJDK 1.7.0)'),(281525,100,'toshikit',0,'WA','C (GCC 4.6.4)'),(281531,99,'s1222066',100,'AC','C++ (G++ 4.6.4)'),(281684,99,'aoki0207',NULL,'CE','C++ (G++ 4.6.4)'),(281692,100,'tibimosu',0,'WA','C++ (G++ 4.6.4)'),(281701,101,'ktrumpet',100,'AC','C++11 (GCC 4.8.1)'),(281735,100,'s1421095',0,'WA','C++ (G++ 4.6.4)'),(281760,99,'aoki0207',100,'AC','C++ (G++ 4.6.4)'),(281800,100,'s1221149',100,'AC','C++11 (GCC 4.8.1)'),(281814,100,'s1421095',0,'WA','C++ (G++ 4.6.4)'),(281857,101,'toshikit',0,'WA','C (GCC 4.6.4)'),(281870,100,'s1222066',100,'AC','C++ (G++ 4.6.4)'),(281873,100,'s1421095',0,'WA','C++ (G++ 4.6.4)'),(281882,100,'nagawa0980',100,'AC','C++ (G++ 4.6.4)'),(281898,100,'tibimosu',100,'AC','C++ (G++ 4.6.4)'),(281960,102,'ktrumpet',0,'WA','C++11 (GCC 4.8.1)'),(281963,101,'s1221149',0,'WA','C++11 (GCC 4.8.1)'),(281998,99,'kanakana',100,'AC','C++ (G++ 4.6.4)'),(282065,102,'ktrumpet',100,'AC','C++11 (GCC 4.8.1)'),(282069,100,'toshikit',100,'AC','C (GCC 4.6.4)'),(282148,101,'s1221149',0,'WA','C++11 (GCC 4.8.1)'),(282153,101,'s1222066',0,'WA','C++ (G++ 4.6.4)'),(282174,101,'s1221149',0,'WA','C++11 (GCC 4.8.1)'),(282178,101,'s1221149',0,'WA','C++11 (GCC 4.8.1)'),(282194,101,'s1221149',100,'AC','C++11 (GCC 4.8.1)'),(282277,99,'aoki0207',0,'RE','C++ (G++ 4.6.4)'),(282278,99,'aoki0207',0,'RE','C++ (G++ 4.6.4)'),(282291,100,'aoki0207',0,'WA','C++ (G++ 4.6.4)'),(282300,102,'igaxx',0,'WA','C++ (G++ 4.6.4)'),(282360,102,'s1221149',100,'AC','C++11 (GCC 4.8.1)'),(282366,100,'kanakana',0,'WA','C++ (G++ 4.6.4)'),(282382,100,'aoki0207',0,'WA','C++ (G++ 4.6.4)'),(282392,100,'s1421095',100,'AC','C++ (G++ 4.6.4)'),(282446,102,'igaxx',0,'WA','C++ (G++ 4.6.4)'),(282457,100,'aoki0207',0,'WA','C++ (G++ 4.6.4)'),(282564,100,'aoki0207',100,'AC','C++ (G++ 4.6.4)'),(282607,101,'poxoq',100,'AC','Java (OpenJDK 1.7.0)'),(282615,102,'igaxx',100,'AC','C++ (G++ 4.6.4)'),(282762,100,'kanakana',100,'AC','C++ (G++ 4.6.4)'),(282764,101,'igaxx',100,'AC','C++ (G++ 4.6.4)'),(282808,100,'igaxx',100,'AC','C++ (G++ 4.6.4)'),(282825,99,'igaxx',100,'AC','C++ (G++ 4.6.4)'),(282914,102,'xyz',0,'TLE','C++11 (GCC 4.8.1)'),(282920,102,'xyz',0,'WA','C++11 (GCC 4.8.1)'),(282975,100,'xyz',100,'AC','C++11 (GCC 4.8.1)'),(282982,101,'aoki0207',0,'WA','C++ (G++ 4.6.4)'),(283016,102,'xyz',0,'WA','C++11 (GCC 4.8.1)'),(283039,101,'aoki0207',0,'WA','C++ (G++ 4.6.4)'),(283140,102,'xyz',0,'WA','C++11 (GCC 4.8.1)'),(283189,102,'xyz',0,'WA','C++11 (GCC 4.8.1)'),(283195,101,'aoki0207',0,'WA','C++ (G++ 4.6.4)'),(283265,102,'xyz',0,'WA','C++11 (GCC 4.8.1)'),(283269,102,'xyz',0,'WA','C++11 (GCC 4.8.1)'),(283305,102,'xyz',0,'WA','C++11 (GCC 4.8.1)'),(283389,102,'poxoq',0,'MLE','Java (OpenJDK 1.7.0)'),(283432,101,'aoki0207',0,'WA','C++ (G++ 4.6.4)'),(283452,101,'toshikit',0,'RE','C (GCC 4.6.4)'),(283458,102,'s1222066',0,'WA','C++ (G++ 4.6.4)'),(283511,102,'poxoq',100,'AC','Java (OpenJDK 1.7.0)'),(283567,101,'ktrumpet',100,'AC','C++11 (GCC 4.8.1)'),(283678,102,'xyz',0,'WA','C++11 (GCC 4.8.1)'),(283684,102,'xyz',0,'WA','C++11 (GCC 4.8.1)'),(283694,102,'xyz',0,'WA','C++11 (GCC 4.8.1)'),(283719,101,'tibimosu',100,'AC','C++ (G++ 4.6.4)'),(283858,101,'s1222066',100,'AC','C++ (G++ 4.6.4)'),(283859,102,'xyz',0,'WA','C++11 (GCC 4.8.1)'),(283860,102,'xyz',0,'RE','C++11 (GCC 4.8.1)'),(283861,102,'xyz',100,'AC','C++11 (GCC 4.8.1)'),(284041,58,'ktrumpet',NULL,'CE','C++11 (GCC 4.8.1)'),(284043,58,'ktrumpet',0,'WA','C++11 (GCC 4.8.1)'),(285494,161,'xyz',100,'AC','C++11 (GCC 4.8.1)'),(285502,145,'xyz',100,'AC','C++11 (GCC 4.8.1)'),(285551,103,'aoki0207',100,'AC','C++ (G++ 4.6.4)'),(285553,103,'kanakana',100,'AC','C++ (G++ 4.6.4)'),(285554,103,'goromisk',100,'AC','C++ (G++ 4.6.4)'),(285556,103,'yuuki814',100,'AC','C++ (G++ 4.6.4)'),(285558,103,'nagawa0980',100,'AC','C++ (G++ 4.6.4)'),(285565,103,'litchi0503',100,'AC','C++ (G++ 4.6.4)'),(285566,104,'yuuki814',0,'WA','C++ (G++ 4.6.4)'),(285568,104,'aoki0207',0,'TLE','C++ (G++ 4.6.4)'),(285570,103,'toshikit',100,'AC','C++ (G++ 4.6.4)'),(285573,104,'nagawa0980',100,'AC','C++ (G++ 4.6.4)'),(285574,104,'toshikit',100,'AC','C++ (G++ 4.6.4)'),(285575,104,'litchi0503',0,'WA','C++ (G++ 4.6.4)'),(285577,104,'goromisk',0,'WA','C++ (G++ 4.6.4)'),(285578,104,'kanakana',100,'AC','C++ (G++ 4.6.4)'),(285581,104,'yuuki814',100,'AC','C++ (G++ 4.6.4)'),(285582,104,'goromisk',100,'AC','C++ (G++ 4.6.4)'),(285585,104,'litchi0503',0,'WA','C++ (G++ 4.6.4)'),(285587,104,'litchi0503',100,'AC','C++ (G++ 4.6.4)'),(285589,104,'aoki0207',100,'AC','C++ (G++ 4.6.4)'),(285642,105,'nagawa0980',0,'WA','C++ (G++ 4.6.4)'),(285649,105,'toshikit',0,'TLE','C++ (G++ 4.6.4)'),(285654,105,'nagawa0980',0,'WA','C++ (G++ 4.6.4)'),(285669,105,'nagawa0980',0,'WA','C++ (G++ 4.6.4)'),(285692,105,'nagawa0980',0,'WA','C++ (G++ 4.6.4)'),(285706,105,'kanakana',0,'TLE','C++ (G++ 4.6.4)'),(285711,105,'kanakana',0,'TLE','C++ (G++ 4.6.4)'),(285757,105,'litchi0503',100,'AC','C++ (G++ 4.6.4)'),(285777,105,'kanakana',100,'AC','C++ (G++ 4.6.4)'),(287753,113,'xyz',0,'WA','C++11 (GCC 4.8.1)'),(287768,113,'ktrumpet',100,'AC','C (GCC 4.6.4)'),(288744,113,'poxoq',100,'AC','C (GCC 4.6.4)'),(288860,102,'igaxx',0,'WA','PHP (PHP 5.3.10)'),(288861,102,'igaxx',0,'WA','PHP (PHP 5.3.10)'),(288863,102,'igaxx',0,'WA','PHP (PHP 5.3.10)'),(289159,114,'poxoq',0,'WA','Java (OpenJDK 1.7.0)'),(289168,114,'poxoq',100,'AC','Java (OpenJDK 1.7.0)'),(290100,117,'xyz',NULL,'CE','C++ (G++ 4.6.4)'),(290109,117,'s1221149',100,'AC','C++11 (GCC 4.8.1)'),(290128,117,'xyz',100,'AC','C++11 (GCC 4.8.1)'),(290229,117,'s1222066',100,'AC','C++ (G++ 4.6.4)'),(290247,117,'ktrumpet',100,'AC','Haskell (GHC 7.4.1)'),(290255,117,'poxoq',100,'AC','C (GCC 4.6.4)'),(290282,117,'tibimosu',100,'AC','C++ (G++ 4.6.4)'),(290340,117,'aoki0207',100,'AC','C++ (G++ 4.6.4)'),(290357,118,'xyz',100,'AC','C++11 (GCC 4.8.1)'),(290374,118,'s1221149',100,'AC','C++11 (GCC 4.8.1)'),(290383,117,'s1421095',100,'AC','C++ (G++ 4.6.4)'),(290573,118,'tibimosu',100,'AC','C++ (G++ 4.6.4)'),(290588,118,'ktrumpet',100,'AC','Haskell (GHC 7.4.1)'),(290628,118,'s1222066',100,'AC','C++ (G++ 4.6.4)'),(290669,118,'poxoq',100,'AC','C (GCC 4.6.4)'),(290711,119,'ktrumpet',100,'AC','C++11 (GCC 4.8.1)'),(290737,118,'aoki0207',100,'AC','C++ (G++ 4.6.4)'),(290773,118,'s1421095',0,'WA','C++ (G++ 4.6.4)'),(290861,119,'s1221149',100,'AC','C++11 (GCC 4.8.1)'),(290873,120,'ktrumpet',100,'AC','C++11 (GCC 4.8.1)'),(290912,118,'s1421095',0,'WA','C++ (G++ 4.6.4)'),(290976,118,'s1421095',0,'WA','C++ (G++ 4.6.4)'),(291087,118,'s1421095',0,'WA','C++ (G++ 4.6.4)'),(291161,120,'s1221149',0,'WA','C++11 (GCC 4.8.1)'),(291185,120,'s1221149',0,'WA','C++11 (GCC 4.8.1)'),(291253,118,'s1421095',100,'AC','C++ (G++ 4.6.4)'),(291262,119,'poxoq',100,'AC','Java (OpenJDK 1.7.0)'),(291278,117,'toshikit',0,'WA','C (GCC 4.6.4)'),(291321,118,'toshikit',100,'AC','C (GCC 4.6.4)'),(291339,117,'toshikit',0,'WA','C (GCC 4.6.4)'),(291356,119,'s1222066',100,'AC','C++ (G++ 4.6.4)'),(291367,120,'s1221149',0,'WA','C++11 (GCC 4.8.1)'),(291413,120,'s1221149',0,'WA','C++11 (GCC 4.8.1)'),(291420,120,'s1221149',0,'WA','C++11 (GCC 4.8.1)'),(291476,120,'igaxx',0,'WA','C++ (G++ 4.6.4)'),(291505,120,'s1221149',0,'WA','C++11 (GCC 4.8.1)'),(291511,120,'igaxx',0,'WA','C++ (G++ 4.6.4)'),(291531,119,'xyz',100,'AC','C++11 (GCC 4.8.1)'),(291538,120,'igaxx',0,'WA','C++ (G++ 4.6.4)'),(291542,117,'toshikit',0,'WA','C (GCC 4.6.4)'),(291547,117,'toshikit',0,'WA','C (GCC 4.6.4)'),(291555,117,'toshikit',0,'WA','C (GCC 4.6.4)'),(291568,117,'toshikit',0,'WA','C (GCC 4.6.4)'),(291572,120,'s1221149',0,'WA','C++11 (GCC 4.8.1)'),(291576,117,'toshikit',100,'AC','C (GCC 4.6.4)'),(291663,120,'igaxx',100,'AC','C++ (G++ 4.6.4)'),(291939,120,'s1221149',100,'AC','C++11 (GCC 4.8.1)'),(291943,120,'s1222066',0,'WA','C++ (G++ 4.6.4)'),(291956,120,'xyz',0,'WA','C++11 (GCC 4.8.1)'),(291988,119,'aoki0207',0,'WA','C++ (G++ 4.6.4)'),(291990,120,'xyz',0,'WA','C++11 (GCC 4.8.1)'),(292067,120,'s1222066',0,'WA','C++ (G++ 4.6.4)'),(292149,120,'s1222066',0,'WA','C++11 (GCC 4.8.1)'),(292222,118,'poxoq',100,'AC','C (GCC 4.6.4)'),(292656,121,'ktrumpet',100,'AC','Haskell (GHC 7.4.1)'),(292728,121,'tibimosu',100,'AC','C++ (G++ 4.6.4)'),(292846,122,'ktrumpet',100,'AC','Haskell (GHC 7.4.1)'),(292972,123,'ktrumpet',100,'AC','C++11 (GCC 4.8.1)'),(293058,122,'tibimosu',100,'AC','C++ (G++ 4.6.4)'),(293086,124,'ktrumpet',100,'AC','C++11 (GCC 4.8.1)'),(293171,123,'tibimosu',100,'AC','C++ (G++ 4.6.4)'),(293438,125,'ktrumpet',100,'AC','C++11 (GCC 4.8.1)'),(293541,124,'tibimosu',0,'WA','C++ (G++ 4.6.4)'),(293556,126,'ktrumpet',100,'AC','C++11 (GCC 4.8.1)'),(293627,124,'tibimosu',100,'AC','C++ (G++ 4.6.4)'),(294036,127,'ktrumpet',0,'WA','C++11 (GCC 4.8.1)'),(294146,127,'ktrumpet',100,'AC','C++11 (GCC 4.8.1)'),(294329,128,'ktrumpet',15,'RE','C++11 (GCC 4.8.1)'),(294433,125,'tibimosu',0,'TLE','C++ (G++ 4.6.4)'),(295109,121,'xyz',100,'AC','C++11 (GCC 4.8.1)'),(295143,122,'xyz',100,'AC','C++11 (GCC 4.8.1)'),(295147,123,'xyz',100,'AC','C++11 (GCC 4.8.1)'),(295201,121,'toshikit',100,'AC','C (GCC 4.6.4)'),(297120,163,'toshikit',0,'WA','C++ (G++ 4.6.4)'),(297322,163,'toshikit',100,'AC','C++ (G++ 4.6.4)'),(297335,123,'toshikit',100,'AC','C++ (G++ 4.6.4)'),(297347,124,'toshikit',0,'WA','C++ (G++ 4.6.4)'),(297811,129,'ktrumpet',100,'AC','Haskell (GHC 7.4.1)'),(297836,129,'s1221149',100,'AC','C++11 (GCC 4.8.1)'),(297860,129,'poxoq',100,'AC','Java (OpenJDK 1.7.0)'),(297947,129,'xyz',100,'AC','C++11 (GCC 4.8.1)'),(297956,129,'toshikit',100,'AC','C++ (G++ 4.6.4)'),(298017,130,'ktrumpet',100,'AC','C++11 (GCC 4.8.1)'),(298053,129,'goromisk',0,'WA','C++ (G++ 4.6.4)'),(298079,129,'s1222066',100,'AC','C++11 (GCC 4.8.1)'),(298080,130,'s1221149',100,'AC','C++11 (GCC 4.8.1)'),(298108,129,'goromisk',100,'AC','C++ (G++ 4.6.4)'),(298159,129,'tibimosu',0,'WA','C++ (G++ 4.6.4)'),(298239,129,'tibimosu',0,'WA','C++ (G++ 4.6.4)'),(298247,131,'ktrumpet',0,'WA','C++11 (GCC 4.8.1)'),(298254,129,'tibimosu',100,'AC','C++ (G++ 4.6.4)'),(298295,130,'xyz',100,'AC','C++11 (GCC 4.8.1)'),(298316,131,'ktrumpet',100,'AC','C++11 (GCC 4.8.1)'),(298337,132,'s1221149',0,'WA','C++11 (GCC 4.8.1)'),(298359,130,'poxoq',100,'AC','Java (OpenJDK 1.7.0)'),(298385,132,'s1221149',50,'WA','C++11 (GCC 4.8.1)'),(298437,132,'ktrumpet',0,'WA','C++11 (GCC 4.8.1)'),(298491,132,'ktrumpet',50,'RE','C++11 (GCC 4.8.1)'),(299111,130,'tibimosu',100,'AC','C++ (G++ 4.6.4)'),(303085,221,'poxoq',100,'AC','Java (OpenJDK 1.7.0)'),(303115,69,'poxoq',0,'MLE','Java (OpenJDK 1.7.0)'),(303136,20,'poxoq',NULL,'CE','Java (OpenJDK 1.7.0)'),(303137,20,'poxoq',0,'TLE','Java (OpenJDK 1.7.0)'),(304259,117,'igaxx',0,'WA','PHP (PHP 5.3.10)'),(304260,117,'igaxx',0,'WA','PHP (PHP 5.3.10)'),(304261,117,'igaxx',0,'WA','PHP (PHP 5.3.10)'),(304263,117,'igaxx',0,'WA','PHP (PHP 5.3.10)'),(304265,117,'igaxx',0,'WA','PHP (PHP 5.3.10)'),(304656,131,'s1221149',30,'WA','C++11 (GCC 4.8.1)'),(304657,131,'s1221149',100,'AC','C++11 (GCC 4.8.1)'),(305428,129,'igaxx',100,'AC','Java (OpenJDK 1.7.0)'),(305430,130,'igaxx',NULL,'CE','Java (OpenJDK 1.7.0)'),(305431,129,'igaxx',0,'RE','Java (OpenJDK 1.7.0)'),(305432,130,'igaxx',NULL,'20/33','Java (OpenJDK 1.7.0)');
/*!40000 ALTER TABLE `submission` ENABLE KEYS */;
UNLOCK TABLES;

--
-- Table structure for table `user`
--

DROP TABLE IF EXISTS `user`;
/*!40101 SET @saved_cs_client     = @@character_set_client */;
/*!40101 SET character_set_client = utf8 */;
CREATE TABLE `user` (
  `user_id` varchar(64) NOT NULL,
  `name` varchar(16) NOT NULL,
  `enrollment_year` int(11) NOT NULL,
  PRIMARY KEY (`user_id`)
) ENGINE=InnoDB DEFAULT CHARSET=utf8;
/*!40101 SET character_set_client = @saved_cs_client */;

--
-- Dumping data for table `user`
--

LOCK TABLES `user` WRITE;
/*!40000 ALTER TABLE `user` DISABLE KEYS */;
INSERT INTO `user` VALUES ('aoki0207','青木',2014),('daijiken','前川',2011),('goromisk','高橋',2014),('igaxx','猪狩',2009),('kageto','重松',2014),('kanakana','古川',2014),('ktrumpet','山崎',2009),('litchi0503','工藤槙人',2014),('nagawa0980','板垣',2014),('poxoq','西澤',2014),('s1221149','中澤',2012),('s1222066','倉地',2012),('s1421095','渡辺',2014),('tibimosu','高畑',2014),('toshikit','ロック氏',2014),('xyz','栗原',2014),('yuuki814','外丸',2014);
/*!40000 ALTER TABLE `user` ENABLE KEYS */;
UNLOCK TABLES;
/*!40103 SET TIME_ZONE=@OLD_TIME_ZONE */;

/*!40101 SET SQL_MODE=@OLD_SQL_MODE */;
/*!40014 SET FOREIGN_KEY_CHECKS=@OLD_FOREIGN_KEY_CHECKS */;
/*!40014 SET UNIQUE_CHECKS=@OLD_UNIQUE_CHECKS */;
/*!40101 SET CHARACTER_SET_CLIENT=@OLD_CHARACTER_SET_CLIENT */;
/*!40101 SET CHARACTER_SET_RESULTS=@OLD_CHARACTER_SET_RESULTS */;
/*!40101 SET COLLATION_CONNECTION=@OLD_COLLATION_CONNECTION */;
/*!40111 SET SQL_NOTES=@OLD_SQL_NOTES */;

-- Dump completed on 2014-12-21 17:19:41
